{"images":[{"id":1344,"dataset_id":8,"category_ids":[11],"path":"/datasets/mask_train/Dron12.jpg","width":960,"height":540,"file_name":"Dron12.jpg","annotated":true,"annotating":[],"num_annotations":1,"metadata":{},"milliseconds":430522,"events":[{"_cls":"SessionEvent","user":"BrunoK","milliseconds":67273,"tools_used":[]},{"_cls":"SessionEvent","user":"BrunoK","milliseconds":18905,"tools_used":[]},{"_cls":"SessionEvent","user":"BrunoK","milliseconds":67011,"tools_used":[]},{"_cls":"SessionEvent","user":"BrunoK","milliseconds":16589,"tools_used":[]},{"_cls":"SessionEvent","user":"BrunoK","milliseconds":185746,"tools_used":[]},{"_cls":"SessionEvent","user":"BrunoK","milliseconds":40969,"tools_used":[]},{"_cls":"SessionEvent","user":"BrunoK","milliseconds":24821,"tools_used":[]},{"_cls":"SessionEvent","user":"BrunoK","milliseconds":9208,"tools_used":[]}],"regenerate_thumbnail":false,"is_modified":false},{"id":1345,"dataset_id":8,"category_ids":[11],"path":"/datasets/mask_train/Dron145.jpg","width":960,"height":540,"file_name":"Dron145.jpg","annotated":true,"annotating":[],"num_annotations":1,"metadata":{},"milliseconds":71110,"events":[{"_cls":"SessionEvent","user":"BrunoK","milliseconds":47204,"tools_used":[]},{"_cls":"SessionEvent","user":"BrunoK","milliseconds":23906,"tools_used":[]}],"regenerate_thumbnail":false,"is_modified":false},{"id":1346,"dataset_id":8,"category_ids":[11],"path":"/datasets/mask_train/Dron187.jpg","width":960,"height":540,"file_name":"Dron187.jpg","annotated":true,"annotating":[],"num_annotations":1,"metadata":{},"milliseconds":40498,"events":[{"_cls":"SessionEvent","user":"BrunoK","milliseconds":18635,"tools_used":[]},{"_cls":"SessionEvent","user":"BrunoK","milliseconds":21863,"tools_used":[]}],"regenerate_thumbnail":false,"is_modified":false},{"id":1347,"dataset_id":8,"category_ids":[11],"path":"/datasets/mask_train/Dron190.jpg","width":960,"height":540,"file_name":"Dron190.jpg","annotated":true,"annotating":[],"num_annotations":1,"metadata":{},"milliseconds":49351,"events":[{"_cls":"SessionEvent","user":"BrunoK","milliseconds":24930,"tools_used":[]},{"_cls":"SessionEvent","user":"BrunoK","milliseconds":24421,"tools_used":[]}],"regenerate_thumbnail":false,"is_modified":false},{"id":1348,"dataset_id":8,"category_ids":[11],"path":"/datasets/mask_train/Dron31.jpg","width":960,"height":540,"file_name":"Dron31.jpg","annotated":true,"annotating":[],"num_annotations":1,"metadata":{},"milliseconds":41288,"events":[{"_cls":"SessionEvent","user":"BrunoK","milliseconds":20087,"tools_used":[]},{"_cls":"SessionEvent","user":"BrunoK","milliseconds":21201,"tools_used":[]}],"regenerate_thumbnail":false,"is_modified":false}],"categories":[{"id":11,"name":"Eachine_TrashCan","supercategory":"Drone","color":"#bb2cde","metadata":{},"creator":"BrunoK","keypoint_colors":["#bf5c4d","#d99100","#4d8068","#bf5c4d","#d99100","#4d8068"],"keypoints":["Motor_FL","Motor_FR","Motor_BL","Motor_BR","Antena","Camera"],"skeleton":[[1,2],[1,3],[1,6],[2,4],[2,6],[3,4],[3,5],[4,5],[5,6]]}],"annotations":[{"id":1194,"image_id":1344,"category_id":11,"dataset_id":8,"segmentation":[],"area":0,"bbox":[0,0,0,0],"iscrowd":false,"isbbox":false,"creator":"BrunoK","width":960,"height":540,"color":"#ef038b","keypoints":[556,145,2,562,294,2,371,159,2,392,303,2,379,257,2,538,236,2],"metadata":{},"milliseconds":38212,"events":[{"_cls":"SessionEvent","created_at":{"$date":1594727385609},"user":"BrunoK","milliseconds":38212,"tools_used":["Magic Wand","Keypoints","Select"]}],"num_keypoints":6},{"id":1180,"image_id":1345,"category_id":9,"dataset_id":8,"segmentation":[[379.1,319.4,317.6,271.4,390.7,221.4,453.2,266.9]],"area":6619,"bbox":[318,222,135,97],"iscrowd":false,"isbbox":false,"creator":"BrunoK","width":960,"height":540,"color":"#32d7a8","metadata":{},"milliseconds":44531,"events":[{"_cls":"SessionEvent","created_at":{"$date":1593604356589},"user":"BrunoK","milliseconds":44531,"tools_used":["Polygon"]}]},{"id":1195,"image_id":1345,"category_id":11,"dataset_id":8,"segmentation":[],"area":0,"bbox":[0,0,0,0],"iscrowd":false,"isbbox":false,"creator":"BrunoK","width":960,"height":540,"color":"#8bbb15","keypoints":[453,266,2,380,319,2,390,222,2,319,270,2,354,229,2,407,277,2],"metadata":{},"milliseconds":21132,"events":[{"_cls":"SessionEvent","created_at":{"$date":1594727464297},"user":"BrunoK","milliseconds":21132,"tools_used":["Magic Wand","Keypoints","Select"]}],"num_keypoints":6},{"id":1181,"image_id":1346,"category_id":9,"dataset_id":8,"segmentation":[[427.8,318.9,407.7,210.2,519.2,195.1,540.3,302.2]],"area":12412,"bbox":[408,195,132,124],"iscrowd":false,"isbbox":false,"creator":"BrunoK","width":960,"height":540,"color":"#8844f5","metadata":{},"milliseconds":14702,"events":[{"_cls":"SessionEvent","created_at":{"$date":1593604405135},"user":"BrunoK","milliseconds":14702,"tools_used":["Polygon"]}]},{"id":1196,"image_id":1346,"category_id":11,"dataset_id":8,"segmentation":[],"area":0,"bbox":[0,0,0,0],"iscrowd":false,"isbbox":false,"creator":"BrunoK","width":960,"height":540,"color":"#00b8d7","keypoints":[428,320,2,409,211,2,542,301,2,519,196,2,532,234,2,437,258,2],"metadata":{},"milliseconds":17459,"events":[{"_cls":"SessionEvent","created_at":{"$date":1594727489895},"user":"BrunoK","milliseconds":17459,"tools_used":["Magic Wand","Keypoints","Select"]}],"num_keypoints":6},{"id":1182,"image_id":1347,"category_id":9,"dataset_id":8,"segmentation":[[560.6,218.6,568.2,268.1,420.5,261,433.7,210.1,560.6,218.7]],"area":6901,"bbox":[421,210,147,58],"iscrowd":false,"isbbox":false,"creator":"BrunoK","width":960,"height":540,"color":"#d4b933","metadata":{},"milliseconds":21048,"events":[{"_cls":"SessionEvent","created_at":{"$date":1593604423810},"user":"BrunoK","milliseconds":21048,"tools_used":["Polygon"]}]},{"id":1197,"image_id":1347,"category_id":11,"dataset_id":8,"segmentation":[],"area":0,"bbox":[0,0,0,0],"iscrowd":false,"isbbox":false,"creator":"BrunoK","width":960,"height":540,"color":"#15d3c1","keypoints":[561,218,2,568,268,2,434,210,2,420,261,2,431,205,2,547,224,2],"metadata":{},"milliseconds":20799,"events":[{"_cls":"SessionEvent","created_at":{"$date":1594727511066},"user":"BrunoK","milliseconds":20799,"tools_used":["Magic Wand","Keypoints","Select"]}],"num_keypoints":6},{"id":1183,"image_id":1348,"category_id":9,"dataset_id":8,"segmentation":[[650.5,247.8,541,218,611.9,173.7,716,193.2,650.3,248]],"area":6951,"bbox":[542,174,174,74],"iscrowd":false,"isbbox":false,"creator":"BrunoK","width":960,"height":540,"color":"#97f646","metadata":{},"milliseconds":16502,"events":[{"_cls":"SessionEvent","created_at":{"$date":1593604448646},"user":"BrunoK","milliseconds":16502,"tools_used":["Polygon"]}]},{"id":1198,"image_id":1348,"category_id":11,"dataset_id":8,"segmentation":[],"area":0,"bbox":[0,0,0,0],"iscrowd":false,"isbbox":false,"creator":"BrunoK","width":960,"height":540,"color":"#66d7f1","keypoints":[649,248,2,543,217,2,716,194,2,611,175,2,662,161,2,604,212,2],"metadata":{},"milliseconds":18988,"events":[{"_cls":"SessionEvent","created_at":{"$date":1594727534268},"user":"BrunoK","milliseconds":18988,"tools_used":["Magic Wand","Keypoints","Select"]}],"num_keypoints":6}]}