{"images": [{"id": 1344, "dataset_id": 8, "category_ids": [], "path": "/datasets/mask_train/Dron12.jpg", "width": 960, "height": 540, "file_name": "Dron12.jpg", "annotated": false, "annotating": [], "num_annotations": 0, "metadata": {}, "deleted": false, "milliseconds": 0, "events": [], "regenerate_thumbnail": false}, {"id": 1345, "dataset_id": 8, "category_ids": [], "path": "/datasets/mask_train/Dron145.jpg", "width": 960, "height": 540, "file_name": "Dron145.jpg", "annotated": false, "annotating": [], "num_annotations": 0, "metadata": {}, "deleted": false, "milliseconds": 0, "events": [], "regenerate_thumbnail": false}, {"id": 1346, "dataset_id": 8, "category_ids": [], "path": "/datasets/mask_train/Dron187.jpg", "width": 960, "height": 540, "file_name": "Dron187.jpg", "annotated": false, "annotating": [], "num_annotations": 0, "metadata": {}, "deleted": false, "milliseconds": 0, "events": [], "regenerate_thumbnail": false}, {"id": 1347, "dataset_id": 8, "category_ids": [], "path": "/datasets/mask_train/Dron190.jpg", "width": 960, "height": 540, "file_name": "Dron190.jpg", "annotated": false, "annotating": [], "num_annotations": 0, "metadata": {}, "deleted": false, "milliseconds": 0, "events": [], "regenerate_thumbnail": false}, {"id": 1348, "dataset_id": 8, "category_ids": [], "path": "/datasets/mask_train/Dron31.jpg", "width": 960, "height": 540, "file_name": "Dron31.jpg", "annotated": false, "annotating": [], "num_annotations": 0, "metadata": {}, "deleted": false, "milliseconds": 0, "events": [], "regenerate_thumbnail": false}], "categories": [{"id": 9, "name": "Motors", "supercategory": "Dron", "color": "#542ee3", "metadata": {}, "keypoint_colors": []}], "annotations": [{"id": 1179, "image_id": 1344, "category_id": 9, "segmentation": [[370.6, 158.8, 557.6, 145.6, 561.3, 293.5, 392.5, 302.2, 370.9, 159.1]], "area": 26035, "bbox": [371.0, 146.0, 190.0, 156.0], "iscrowd": false, "isbbox": false, "color": "#392be5", "metadata": {}}, {"id": 1180, "image_id": 1345, "category_id": 9, "segmentation": [[379.1, 319.4, 317.6, 271.4, 390.7, 221.4, 453.2, 266.9]], "area": 6619, "bbox": [318.0, 222.0, 135.0, 97.0], "iscrowd": false, "isbbox": false, "color": "#32d7a8", "metadata": {}}, {"id": 1181, "image_id": 1346, "category_id": 9, "segmentation": [[427.8, 318.9, 407.7, 210.2, 519.2, 195.1, 540.3, 302.2]], "area": 12412, "bbox": [408.0, 195.0, 132.0, 124.0], "iscrowd": false, "isbbox": false, "color": "#8844f5", "metadata": {}}, {"id": 1182, "image_id": 1347, "category_id": 9, "segmentation": [[560.6, 218.6, 568.2, 268.1, 420.5, 261.0, 433.7, 210.1, 560.6, 218.7]], "area": 6901, "bbox": [421.0, 210.0, 147.0, 58.0], "iscrowd": false, "isbbox": false, "color": "#d4b933", "metadata": {}}, {"id": 1183, "image_id": 1348, "category_id": 9, "segmentation": [[650.5, 247.8, 541.0, 218.0, 611.9, 173.7, 716.0, 193.2, 650.3, 248.0]], "area": 6951, "bbox": [542.0, 174.0, 174.0, 74.0], "iscrowd": false, "isbbox": false, "color": "#97f646", "metadata": {}}]}