{"images": [{"id": 1296, "dataset_id": 7, "category_ids": [], "path": "/datasets/train/Dron10.jpg", "width": 960, "height": 540, "file_name": "Dron10.jpg", "annotated": false, "annotating": [], "num_annotations": 0, "metadata": {}, "deleted": false, "milliseconds": 0, "events": [], "regenerate_thumbnail": false}, {"id": 1297, "dataset_id": 7, "category_ids": [], "path": "/datasets/train/Dron107.jpg", "width": 960, "height": 540, "file_name": "Dron107.jpg", "annotated": false, "annotating": [], "num_annotations": 0, "metadata": {}, "deleted": false, "milliseconds": 0, "events": [], "regenerate_thumbnail": false}, {"id": 1299, "dataset_id": 7, "category_ids": [], "path": "/datasets/train/Dron121.jpg", "width": 960, "height": 540, "file_name": "Dron121.jpg", "annotated": false, "annotating": [], "num_annotations": 0, "metadata": {}, "deleted": false, "milliseconds": 0, "events": [], "regenerate_thumbnail": false}, {"id": 1300, "dataset_id": 7, "category_ids": [], "path": "/datasets/train/Dron128.jpg", "width": 960, "height": 540, "file_name": "Dron128.jpg", "annotated": false, "annotating": [], "num_annotations": 0, "metadata": {}, "deleted": false, "milliseconds": 0, "events": [], "regenerate_thumbnail": false}, {"id": 1301, "dataset_id": 7, "category_ids": [], "path": "/datasets/train/Dron135.jpg", "width": 960, "height": 540, "file_name": "Dron135.jpg", "annotated": false, "annotating": [], "num_annotations": 0, "metadata": {}, "deleted": false, "milliseconds": 0, "events": [], "regenerate_thumbnail": false}, {"id": 1302, "dataset_id": 7, "category_ids": [], "path": "/datasets/train/Dron142.jpg", "width": 960, "height": 540, "file_name": "Dron142.jpg", "annotated": false, "annotating": [], "num_annotations": 0, "metadata": {}, "deleted": false, "milliseconds": 0, "events": [], "regenerate_thumbnail": false}, {"id": 1303, "dataset_id": 7, "category_ids": [], "path": "/datasets/train/Dron148.jpg", "width": 960, "height": 540, "file_name": "Dron148.jpg", "annotated": false, "annotating": [], "num_annotations": 0, "metadata": {}, "deleted": false, "milliseconds": 0, "events": [], "regenerate_thumbnail": false}, {"id": 1304, "dataset_id": 7, "category_ids": [], "path": "/datasets/train/Dron155.jpg", "width": 960, "height": 540, "file_name": "Dron155.jpg", "annotated": false, "annotating": [], "num_annotations": 0, "metadata": {}, "deleted": false, "milliseconds": 0, "events": [], "regenerate_thumbnail": false}, {"id": 1305, "dataset_id": 7, "category_ids": [], "path": "/datasets/train/Dron162.jpg", "width": 960, "height": 540, "file_name": "Dron162.jpg", "annotated": false, "annotating": [], "num_annotations": 0, "metadata": {}, "deleted": false, "milliseconds": 0, "events": [], "regenerate_thumbnail": false}, {"id": 1306, "dataset_id": 7, "category_ids": [], "path": "/datasets/train/Dron168.jpg", "width": 960, "height": 540, "file_name": "Dron168.jpg", "annotated": false, "annotating": [], "num_annotations": 0, "metadata": {}, "deleted": false, "milliseconds": 0, "events": [], "regenerate_thumbnail": false}, {"id": 1308, "dataset_id": 7, "category_ids": [], "path": "/datasets/train/Dron175.jpg", "width": 960, "height": 540, "file_name": "Dron175.jpg", "annotated": false, "annotating": [], "num_annotations": 0, "metadata": {}, "deleted": false, "milliseconds": 0, "events": [], "regenerate_thumbnail": false}, {"id": 1309, "dataset_id": 7, "category_ids": [], "path": "/datasets/train/Dron181.jpg", "width": 960, "height": 540, "file_name": "Dron181.jpg", "annotated": false, "annotating": [], "num_annotations": 0, "metadata": {}, "deleted": false, "milliseconds": 0, "events": [], "regenerate_thumbnail": false}, {"id": 1310, "dataset_id": 7, "category_ids": [], "path": "/datasets/train/Dron188.jpg", "width": 960, "height": 540, "file_name": "Dron188.jpg", "annotated": false, "annotating": [], "num_annotations": 0, "metadata": {}, "deleted": false, "milliseconds": 0, "events": [], "regenerate_thumbnail": false}, {"id": 1311, "dataset_id": 7, "category_ids": [], "path": "/datasets/train/Dron194.jpg", "width": 960, "height": 540, "file_name": "Dron194.jpg", "annotated": false, "annotating": [], "num_annotations": 0, "metadata": {}, "deleted": false, "milliseconds": 0, "events": [], "regenerate_thumbnail": false}, {"id": 1312, "dataset_id": 7, "category_ids": [], "path": "/datasets/train/Dron201.jpg", "width": 960, "height": 540, "file_name": "Dron201.jpg", "annotated": false, "annotating": [], "num_annotations": 0, "metadata": {}, "deleted": false, "milliseconds": 0, "events": [], "regenerate_thumbnail": false}, {"id": 1313, "dataset_id": 7, "category_ids": [], "path": "/datasets/train/Dron207.jpg", "width": 960, "height": 540, "file_name": "Dron207.jpg", "annotated": false, "annotating": [], "num_annotations": 0, "metadata": {}, "deleted": false, "milliseconds": 0, "events": [], "regenerate_thumbnail": false}, {"id": 1314, "dataset_id": 7, "category_ids": [], "path": "/datasets/train/Dron214.jpg", "width": 960, "height": 540, "file_name": "Dron214.jpg", "annotated": false, "annotating": [], "num_annotations": 0, "metadata": {}, "deleted": false, "milliseconds": 0, "events": [], "regenerate_thumbnail": false}, {"id": 1315, "dataset_id": 7, "category_ids": [], "path": "/datasets/train/Dron220.jpg", "width": 960, "height": 540, "file_name": "Dron220.jpg", "annotated": false, "annotating": [], "num_annotations": 0, "metadata": {}, "deleted": false, "milliseconds": 0, "events": [], "regenerate_thumbnail": false}, {"id": 1316, "dataset_id": 7, "category_ids": [], "path": "/datasets/train/Dron227.jpg", "width": 960, "height": 540, "file_name": "Dron227.jpg", "annotated": false, "annotating": [], "num_annotations": 0, "metadata": {}, "deleted": false, "milliseconds": 0, "events": [], "regenerate_thumbnail": false}, {"id": 1317, "dataset_id": 7, "category_ids": [], "path": "/datasets/train/Dron234.jpg", "width": 960, "height": 540, "file_name": "Dron234.jpg", "annotated": false, "annotating": [], "num_annotations": 0, "metadata": {}, "deleted": false, "milliseconds": 0, "events": [], "regenerate_thumbnail": false}, {"id": 1318, "dataset_id": 7, "category_ids": [], "path": "/datasets/train/Dron240.jpg", "width": 960, "height": 540, "file_name": "Dron240.jpg", "annotated": false, "annotating": [], "num_annotations": 0, "metadata": {}, "deleted": false, "milliseconds": 0, "events": [], "regenerate_thumbnail": false}, {"id": 1319, "dataset_id": 7, "category_ids": [], "path": "/datasets/train/Dron247.jpg", "width": 960, "height": 540, "file_name": "Dron247.jpg", "annotated": false, "annotating": [], "num_annotations": 0, "metadata": {}, "deleted": false, "milliseconds": 0, "events": [], "regenerate_thumbnail": false}, {"id": 1320, "dataset_id": 7, "category_ids": [], "path": "/datasets/train/Dron25.jpg", "width": 960, "height": 540, "file_name": "Dron25.jpg", "annotated": false, "annotating": [], "num_annotations": 0, "metadata": {}, "deleted": false, "milliseconds": 0, "events": [], "regenerate_thumbnail": false}, {"id": 1321, "dataset_id": 7, "category_ids": [], "path": "/datasets/train/Dron253.jpg", "width": 960, "height": 540, "file_name": "Dron253.jpg", "annotated": false, "annotating": [], "num_annotations": 0, "metadata": {}, "deleted": false, "milliseconds": 0, "events": [], "regenerate_thumbnail": false}, {"id": 1322, "dataset_id": 7, "category_ids": [], "path": "/datasets/train/Dron260.jpg", "width": 960, "height": 540, "file_name": "Dron260.jpg", "annotated": false, "annotating": [], "num_annotations": 0, "metadata": {}, "deleted": false, "milliseconds": 0, "events": [], "regenerate_thumbnail": false}, {"id": 1325, "dataset_id": 7, "category_ids": [], "path": "/datasets/train/Dron279.jpg", "width": 960, "height": 540, "file_name": "Dron279.jpg", "annotated": false, "annotating": [], "num_annotations": 0, "metadata": {}, "deleted": false, "milliseconds": 0, "events": [], "regenerate_thumbnail": false}, {"id": 1327, "dataset_id": 7, "category_ids": [], "path": "/datasets/train/Dron292.jpg", "width": 960, "height": 540, "file_name": "Dron292.jpg", "annotated": false, "annotating": [], "num_annotations": 0, "metadata": {}, "deleted": false, "milliseconds": 0, "events": [], "regenerate_thumbnail": false}, {"id": 1328, "dataset_id": 7, "category_ids": [], "path": "/datasets/train/Dron299.jpg", "width": 960, "height": 540, "file_name": "Dron299.jpg", "annotated": false, "annotating": [], "num_annotations": 0, "metadata": {}, "deleted": false, "milliseconds": 0, "events": [], "regenerate_thumbnail": false}, {"id": 1329, "dataset_id": 7, "category_ids": [], "path": "/datasets/train/Dron306.jpg", "width": 960, "height": 540, "file_name": "Dron306.jpg", "annotated": false, "annotating": [], "num_annotations": 0, "metadata": {}, "deleted": false, "milliseconds": 0, "events": [], "regenerate_thumbnail": false}, {"id": 1332, "dataset_id": 7, "category_ids": [], "path": "/datasets/train/Dron32.jpg", "width": 960, "height": 540, "file_name": "Dron32.jpg", "annotated": false, "annotating": [], "num_annotations": 0, "metadata": {}, "deleted": false, "milliseconds": 0, "events": [], "regenerate_thumbnail": false}, {"id": 1333, "dataset_id": 7, "category_ids": [], "path": "/datasets/train/Dron38.jpg", "width": 960, "height": 540, "file_name": "Dron38.jpg", "annotated": false, "annotating": [], "num_annotations": 0, "metadata": {}, "deleted": false, "milliseconds": 0, "events": [], "regenerate_thumbnail": false}, {"id": 1334, "dataset_id": 7, "category_ids": [], "path": "/datasets/train/Dron4.jpg", "width": 960, "height": 540, "file_name": "Dron4.jpg", "annotated": false, "annotating": [], "num_annotations": 0, "metadata": {}, "deleted": false, "milliseconds": 0, "events": [], "regenerate_thumbnail": false}, {"id": 1335, "dataset_id": 7, "category_ids": [], "path": "/datasets/train/Dron45.jpg", "width": 960, "height": 540, "file_name": "Dron45.jpg", "annotated": false, "annotating": [], "num_annotations": 0, "metadata": {}, "deleted": false, "milliseconds": 0, "events": [], "regenerate_thumbnail": false}, {"id": 1336, "dataset_id": 7, "category_ids": [], "path": "/datasets/train/Dron51.jpg", "width": 960, "height": 540, "file_name": "Dron51.jpg", "annotated": false, "annotating": [], "num_annotations": 0, "metadata": {}, "deleted": false, "milliseconds": 0, "events": [], "regenerate_thumbnail": false}, {"id": 1337, "dataset_id": 7, "category_ids": [], "path": "/datasets/train/Dron58.jpg", "width": 960, "height": 540, "file_name": "Dron58.jpg", "annotated": false, "annotating": [], "num_annotations": 0, "metadata": {}, "deleted": false, "milliseconds": 0, "events": [], "regenerate_thumbnail": false}, {"id": 1338, "dataset_id": 7, "category_ids": [], "path": "/datasets/train/Dron64.jpg", "width": 960, "height": 540, "file_name": "Dron64.jpg", "annotated": false, "annotating": [], "num_annotations": 0, "metadata": {}, "deleted": false, "milliseconds": 0, "events": [], "regenerate_thumbnail": false}, {"id": 1339, "dataset_id": 7, "category_ids": [], "path": "/datasets/train/Dron71.jpg", "width": 960, "height": 540, "file_name": "Dron71.jpg", "annotated": false, "annotating": [], "num_annotations": 0, "metadata": {}, "deleted": false, "milliseconds": 0, "events": [], "regenerate_thumbnail": false}, {"id": 1341, "dataset_id": 7, "category_ids": [], "path": "/datasets/train/Dron85.jpg", "width": 960, "height": 540, "file_name": "Dron85.jpg", "annotated": false, "annotating": [], "num_annotations": 0, "metadata": {}, "deleted": false, "milliseconds": 0, "events": [], "regenerate_thumbnail": false}, {"id": 1342, "dataset_id": 7, "category_ids": [], "path": "/datasets/train/Dron93.jpg", "width": 960, "height": 540, "file_name": "Dron93.jpg", "annotated": false, "annotating": [], "num_annotations": 0, "metadata": {}, "deleted": false, "milliseconds": 0, "events": [], "regenerate_thumbnail": false}, {"id": 1343, "dataset_id": 7, "category_ids": [], "path": "/datasets/train/Dron99.jpg", "width": 960, "height": 540, "file_name": "Dron99.jpg", "annotated": false, "annotating": [], "num_annotations": 0, "metadata": {}, "deleted": false, "milliseconds": 0, "events": [], "regenerate_thumbnail": false}], "categories": [{"id": 2, "name": "FL", "supercategory": "quad", "color": "#a9e029", "metadata": {}, "keypoint_colors": []}, {"id": 3, "name": "FR", "supercategory": "quad", "color": "#d232d7", "metadata": {}, "keypoint_colors": []}, {"id": 4, "name": "BL", "supercategory": "quad", "color": "#d32516", "metadata": {}, "keypoint_colors": []}, {"id": 5, "name": "BR", "supercategory": "quad", "color": "#d69241", "metadata": {}, "keypoint_colors": []}, {"id": 6, "name": "ANT", "supercategory": "quad", "color": "#e96761", "metadata": {}, "keypoint_colors": []}, {"id": 7, "name": "CAM", "supercategory": "quad", "color": "#45ee15", "metadata": {}, "keypoint_colors": []}, {"id": 8, "name": "REAR", "supercategory": "quad", "color": "#a6cd36", "metadata": {}, "keypoint_colors": []}], "annotations": [{"id": 883, "image_id": 1296, "category_id": 2, "segmentation": [], "area": 0, "bbox": [0, 0, 0, 0], "iscrowd": false, "isbbox": false, "color": "#a469de", "keypoints": [555, 159, 2], "metadata": {}, "num_keypoints": 1}, {"id": 884, "image_id": 1296, "category_id": 3, "segmentation": [], "area": 0, "bbox": [0, 0, 0, 0], "iscrowd": false, "isbbox": false, "color": "#d8ad4e", "keypoints": [558, 348, 2], "metadata": {}, "num_keypoints": 1}, {"id": 885, "image_id": 1296, "category_id": 4, "segmentation": [], "area": 0, "bbox": [0, 0, 0, 0], "iscrowd": false, "isbbox": false, "color": "#60fb97", "keypoints": [367, 162, 2], "metadata": {}, "num_keypoints": 1}, {"id": 886, "image_id": 1296, "category_id": 5, "segmentation": [], "area": 0, "bbox": [0, 0, 0, 0], "iscrowd": false, "isbbox": false, "color": "#23c137", "keypoints": [372, 353, 2], "metadata": {}, "num_keypoints": 1}, {"id": 887, "image_id": 1296, "category_id": 6, "segmentation": [], "area": 0, "bbox": [0, 0, 0, 0], "iscrowd": false, "isbbox": false, "color": "#3a03d8", "keypoints": [367, 256, 2], "metadata": {}, "num_keypoints": 1}, {"id": 888, "image_id": 1296, "category_id": 7, "segmentation": [], "area": 0, "bbox": [0, 0, 0, 0], "iscrowd": false, "isbbox": false, "color": "#74ec69", "keypoints": [535, 254, 2], "metadata": {}, "num_keypoints": 1}, {"id": 890, "image_id": 1297, "category_id": 2, "segmentation": [], "area": 0, "bbox": [0, 0, 0, 0], "iscrowd": false, "isbbox": false, "color": "#3662da", "keypoints": [429, 180, 2], "metadata": {}, "num_keypoints": 1}, {"id": 891, "image_id": 1297, "category_id": 3, "segmentation": [], "area": 0, "bbox": [0, 0, 0, 0], "iscrowd": false, "isbbox": false, "color": "#145adf", "keypoints": [502, 134, 2], "metadata": {}, "num_keypoints": 1}, {"id": 892, "image_id": 1297, "category_id": 4, "segmentation": [], "area": 0, "bbox": [0, 0, 0, 0], "iscrowd": false, "isbbox": false, "color": "#fb0924", "keypoints": [509, 213, 2], "metadata": {}, "num_keypoints": 1}, {"id": 893, "image_id": 1297, "category_id": 5, "segmentation": [], "area": 0, "bbox": [0, 0, 0, 0], "iscrowd": false, "isbbox": false, "color": "#c756ed", "keypoints": [581, 166, 2], "metadata": {}, "num_keypoints": 1}, {"id": 894, "image_id": 1297, "category_id": 6, "segmentation": [], "area": 0, "bbox": [0, 0, 0, 0], "iscrowd": false, "isbbox": false, "color": "#0a70c7", "keypoints": [543, 167, 2], "metadata": {}, "num_keypoints": 1}, {"id": 896, "image_id": 1297, "category_id": 8, "segmentation": [], "area": 0, "bbox": [0, 0, 0, 0], "iscrowd": false, "isbbox": false, "color": "#4f8ede", "keypoints": [541, 186, 2], "metadata": {}, "num_keypoints": 1}, {"id": 897, "image_id": 1299, "category_id": 2, "segmentation": [], "area": 0, "bbox": [0, 0, 0, 0], "iscrowd": false, "isbbox": false, "color": "#c7096d", "keypoints": [487, 349, 2], "metadata": {}, "num_keypoints": 1}, {"id": 898, "image_id": 1299, "category_id": 3, "segmentation": [], "area": 0, "bbox": [0, 0, 0, 0], "iscrowd": false, "isbbox": false, "color": "#73cee4", "keypoints": [402, 336, 2], "metadata": {}, "num_keypoints": 1}, {"id": 899, "image_id": 1299, "category_id": 4, "segmentation": [], "area": 0, "bbox": [0, 0, 0, 0], "iscrowd": false, "isbbox": false, "color": "#9752ee", "keypoints": [499, 265, 2], "metadata": {}, "num_keypoints": 1}, {"id": 900, "image_id": 1299, "category_id": 5, "segmentation": [], "area": 0, "bbox": [0, 0, 0, 0], "iscrowd": false, "isbbox": false, "color": "#ea5197", "keypoints": [416, 253, 2], "metadata": {}, "num_keypoints": 1}, {"id": 901, "image_id": 1299, "category_id": 6, "segmentation": [], "area": 0, "bbox": [0, 0, 0, 0], "iscrowd": false, "isbbox": false, "color": "#0a85ab", "keypoints": [459, 250, 2], "metadata": {}, "num_keypoints": 1}, {"id": 902, "image_id": 1299, "category_id": 7, "segmentation": [], "area": 0, "bbox": [0, 0, 0, 0], "iscrowd": false, "isbbox": false, "color": "#62e31d", "keypoints": [446, 330, 2], "metadata": {}, "num_keypoints": 1}, {"id": 904, "image_id": 1300, "category_id": 2, "segmentation": [], "area": 0, "bbox": [0, 0, 0, 0], "iscrowd": false, "isbbox": false, "color": "#d63882", "keypoints": [451, 252, 2], "metadata": {}, "num_keypoints": 1}, {"id": 905, "image_id": 1300, "category_id": 3, "segmentation": [], "area": 0, "bbox": [0, 0, 0, 0], "iscrowd": false, "isbbox": false, "color": "#962026", "keypoints": [390, 245, 2], "metadata": {}, "num_keypoints": 1}, {"id": 906, "image_id": 1300, "category_id": 4, "segmentation": [], "area": 0, "bbox": [0, 0, 0, 0], "iscrowd": false, "isbbox": false, "color": "#b42b6b", "keypoints": [475, 236, 2], "metadata": {}, "num_keypoints": 1}, {"id": 908, "image_id": 1300, "category_id": 6, "segmentation": [], "area": 0, "bbox": [0, 0, 0, 0], "iscrowd": false, "isbbox": false, "color": "#25a3c5", "keypoints": [448, 220, 2], "metadata": {}, "num_keypoints": 1}, {"id": 909, "image_id": 1300, "category_id": 7, "segmentation": [], "area": 0, "bbox": [0, 0, 0, 0], "iscrowd": false, "isbbox": false, "color": "#5153ec", "keypoints": [423, 236, 2], "metadata": {}, "num_keypoints": 1}, {"id": 911, "image_id": 1301, "category_id": 2, "segmentation": [], "area": 0, "bbox": [0, 0, 0, 0], "iscrowd": false, "isbbox": false, "color": "#d18e3f", "keypoints": [490, 222, 2], "metadata": {}, "num_keypoints": 1}, {"id": 912, "image_id": 1301, "category_id": 3, "segmentation": [], "area": 0, "bbox": [0, 0, 0, 0], "iscrowd": false, "isbbox": false, "color": "#89d303", "keypoints": [433, 239, 2], "metadata": {}, "num_keypoints": 1}, {"id": 913, "image_id": 1301, "category_id": 4, "segmentation": [], "area": 0, "bbox": [0, 0, 0, 0], "iscrowd": false, "isbbox": false, "color": "#1a71c4", "keypoints": [437, 202, 1], "metadata": {}, "num_keypoints": 1}, {"id": 914, "image_id": 1301, "category_id": 5, "segmentation": [], "area": 0, "bbox": [0, 0, 0, 0], "iscrowd": false, "isbbox": false, "color": "#21cd7f", "keypoints": [382, 219, 2], "metadata": {}, "num_keypoints": 1}, {"id": 915, "image_id": 1301, "category_id": 6, "segmentation": [], "area": 0, "bbox": [0, 0, 0, 0], "iscrowd": false, "isbbox": false, "color": "#2aab32", "keypoints": [414, 192, 2], "metadata": {}, "num_keypoints": 1}, {"id": 916, "image_id": 1301, "category_id": 7, "segmentation": [], "area": 0, "bbox": [0, 0, 0, 0], "iscrowd": false, "isbbox": false, "color": "#a9fd64", "keypoints": [456, 218, 2], "metadata": {}, "num_keypoints": 1}, {"id": 917, "image_id": 1301, "category_id": 8, "segmentation": [], "area": 0, "bbox": [0, 0, 0, 0], "iscrowd": false, "isbbox": false, "color": "#17c05c", "keypoints": [412, 211, 1], "metadata": {}, "num_keypoints": 1}, {"id": 918, "image_id": 1302, "category_id": 2, "segmentation": [], "area": 0, "bbox": [0, 0, 0, 0], "iscrowd": false, "isbbox": false, "color": "#4c3dfe", "keypoints": [472, 211, 2], "metadata": {}, "num_keypoints": 1}, {"id": 919, "image_id": 1302, "category_id": 3, "segmentation": [], "area": 0, "bbox": [0, 0, 0, 0], "iscrowd": false, "isbbox": false, "color": "#d326fe", "keypoints": [528, 234, 2], "metadata": {}, "num_keypoints": 1}, {"id": 920, "image_id": 1302, "category_id": 4, "segmentation": [], "area": 0, "bbox": [0, 0, 0, 0], "iscrowd": false, "isbbox": false, "color": "#28f4d1", "keypoints": [400, 231, 2], "metadata": {}, "num_keypoints": 1}, {"id": 921, "image_id": 1302, "category_id": 5, "segmentation": [], "area": 0, "bbox": [0, 0, 0, 0], "iscrowd": false, "isbbox": false, "color": "#b077e3", "keypoints": [456, 259, 2], "metadata": {}, "num_keypoints": 1}, {"id": 922, "image_id": 1302, "category_id": 6, "segmentation": [], "area": 0, "bbox": [0, 0, 0, 0], "iscrowd": false, "isbbox": false, "color": "#0796b4", "keypoints": [426, 222, 2], "metadata": {}, "num_keypoints": 1}, {"id": 923, "image_id": 1302, "category_id": 7, "segmentation": [], "area": 0, "bbox": [0, 0, 0, 0], "iscrowd": false, "isbbox": false, "color": "#18d2e6", "keypoints": [490, 212, 1], "metadata": {}, "num_keypoints": 1}, {"id": 924, "image_id": 1302, "category_id": 8, "segmentation": [], "area": 0, "bbox": [0, 0, 0, 0], "iscrowd": false, "isbbox": false, "color": "#461f9d", "keypoints": [430, 241, 2], "metadata": {}, "num_keypoints": 1}, {"id": 925, "image_id": 1303, "category_id": 2, "segmentation": [], "area": 0, "bbox": [0, 0, 0, 0], "iscrowd": false, "isbbox": false, "color": "#b94cfb", "keypoints": [474, 216, 2], "metadata": {}, "num_keypoints": 1}, {"id": 926, "image_id": 1303, "category_id": 3, "segmentation": [], "area": 0, "bbox": [0, 0, 0, 0], "iscrowd": false, "isbbox": false, "color": "#ae5a1a", "keypoints": [486, 293, 2], "metadata": {}, "num_keypoints": 1}, {"id": 927, "image_id": 1303, "category_id": 4, "segmentation": [], "area": 0, "bbox": [0, 0, 0, 0], "iscrowd": false, "isbbox": false, "color": "#f2d76c", "keypoints": [366, 231, 2], "metadata": {}, "num_keypoints": 1}, {"id": 928, "image_id": 1303, "category_id": 5, "segmentation": [], "area": 0, "bbox": [0, 0, 0, 0], "iscrowd": false, "isbbox": false, "color": "#59cb24", "keypoints": [375, 312, 2], "metadata": {}, "num_keypoints": 1}, {"id": 929, "image_id": 1303, "category_id": 6, "segmentation": [], "area": 0, "bbox": [0, 0, 0, 0], "iscrowd": false, "isbbox": false, "color": "#27ee8a", "keypoints": [367, 249, 2], "metadata": {}, "num_keypoints": 1}, {"id": 930, "image_id": 1303, "category_id": 7, "segmentation": [], "area": 0, "bbox": [0, 0, 0, 0], "iscrowd": false, "isbbox": false, "color": "#e31f18", "keypoints": [463, 247, 2], "metadata": {}, "num_keypoints": 1}, {"id": 931, "image_id": 1303, "category_id": 8, "segmentation": [], "area": 0, "bbox": [0, 0, 0, 0], "iscrowd": false, "isbbox": false, "color": "#96b524", "keypoints": [375, 267, 2], "metadata": {}, "num_keypoints": 1}, {"id": 932, "image_id": 1304, "category_id": 2, "segmentation": [], "area": 0, "bbox": [0, 0, 0, 0], "iscrowd": false, "isbbox": false, "color": "#de3535", "keypoints": [603, 220, 2], "metadata": {}, "num_keypoints": 1}, {"id": 933, "image_id": 1304, "category_id": 3, "segmentation": [], "area": 0, "bbox": [0, 0, 0, 0], "iscrowd": false, "isbbox": false, "color": "#e28529", "keypoints": [591, 246, 2], "metadata": {}, "num_keypoints": 1}, {"id": 934, "image_id": 1304, "category_id": 4, "segmentation": [], "area": 0, "bbox": [0, 0, 0, 0], "iscrowd": false, "isbbox": false, "color": "#c1ef42", "keypoints": [519, 251, 2], "metadata": {}, "num_keypoints": 1}, {"id": 935, "image_id": 1304, "category_id": 5, "segmentation": [], "area": 0, "bbox": [0, 0, 0, 0], "iscrowd": false, "isbbox": false, "color": "#9521e2", "keypoints": [534, 226, 2], "metadata": {}, "num_keypoints": 1}, {"id": 936, "image_id": 1304, "category_id": 6, "segmentation": [], "area": 0, "bbox": [0, 0, 0, 0], "iscrowd": false, "isbbox": false, "color": "#1bd92d", "keypoints": [527, 220, 2], "metadata": {}, "num_keypoints": 1}, {"id": 937, "image_id": 1304, "category_id": 7, "segmentation": [], "area": 0, "bbox": [0, 0, 0, 0], "iscrowd": false, "isbbox": false, "color": "#a5ea51", "keypoints": [585, 223, 2], "metadata": {}, "num_keypoints": 1}, {"id": 938, "image_id": 1304, "category_id": 8, "segmentation": [], "area": 0, "bbox": [0, 0, 0, 0], "iscrowd": false, "isbbox": false, "color": "#e909ee", "keypoints": [529, 233, 2], "metadata": {}, "num_keypoints": 1}, {"id": 939, "image_id": 1305, "category_id": 2, "segmentation": [], "area": 0, "bbox": [0, 0, 0, 0], "iscrowd": false, "isbbox": false, "color": "#6df6c4", "keypoints": [448, 239, 2], "metadata": {}, "num_keypoints": 1}, {"id": 940, "image_id": 1305, "category_id": 3, "segmentation": [], "area": 0, "bbox": [0, 0, 0, 0], "iscrowd": false, "isbbox": false, "color": "#a725f7", "keypoints": [406, 196, 2], "metadata": {}, "num_keypoints": 1}, {"id": 941, "image_id": 1305, "category_id": 4, "segmentation": [], "area": 0, "bbox": [0, 0, 0, 0], "iscrowd": false, "isbbox": false, "color": "#3fe4f3", "keypoints": [546, 221, 2], "metadata": {}, "num_keypoints": 1}, {"id": 942, "image_id": 1305, "category_id": 5, "segmentation": [], "area": 0, "bbox": [0, 0, 0, 0], "iscrowd": false, "isbbox": false, "color": "#c5228b", "keypoints": [494, 184, 2], "metadata": {}, "num_keypoints": 1}, {"id": 943, "image_id": 1305, "category_id": 6, "segmentation": [], "area": 0, "bbox": [0, 0, 0, 0], "iscrowd": false, "isbbox": false, "color": "#5375f5", "keypoints": [522, 179, 2], "metadata": {}, "num_keypoints": 1}, {"id": 944, "image_id": 1305, "category_id": 7, "segmentation": [], "area": 0, "bbox": [0, 0, 0, 0], "iscrowd": false, "isbbox": false, "color": "#6cf514", "keypoints": [439, 201, 2], "metadata": {}, "num_keypoints": 1}, {"id": 945, "image_id": 1305, "category_id": 8, "segmentation": [], "area": 0, "bbox": [0, 0, 0, 0], "iscrowd": false, "isbbox": false, "color": "#ed8439", "keypoints": [516, 199, 1], "metadata": {}, "num_keypoints": 1}, {"id": 946, "image_id": 1306, "category_id": 2, "segmentation": [], "area": 0, "bbox": [0, 0, 0, 0], "iscrowd": false, "isbbox": false, "color": "#622cfd", "keypoints": [524, 217, 2], "metadata": {}, "num_keypoints": 1}, {"id": 947, "image_id": 1306, "category_id": 3, "segmentation": [], "area": 0, "bbox": [0, 0, 0, 0], "iscrowd": false, "isbbox": false, "color": "#4bdf4d", "keypoints": [616, 196, 2], "metadata": {}, "num_keypoints": 1}, {"id": 948, "image_id": 1306, "category_id": 4, "segmentation": [], "area": 0, "bbox": [0, 0, 0, 0], "iscrowd": false, "isbbox": false, "color": "#efc973", "keypoints": [583, 268, 2], "metadata": {}, "num_keypoints": 1}, {"id": 949, "image_id": 1306, "category_id": 5, "segmentation": [], "area": 0, "bbox": [0, 0, 0, 0], "iscrowd": false, "isbbox": false, "color": "#c843d8", "keypoints": [679, 245, 2], "metadata": {}, "num_keypoints": 1}, {"id": 950, "image_id": 1306, "category_id": 6, "segmentation": [], "area": 0, "bbox": [0, 0, 0, 0], "iscrowd": false, "isbbox": false, "color": "#9029ec", "keypoints": [630, 231, 2], "metadata": {}, "num_keypoints": 1}, {"id": 951, "image_id": 1306, "category_id": 7, "segmentation": [], "area": 0, "bbox": [0, 0, 0, 0], "iscrowd": false, "isbbox": false, "color": "#7d1f97", "keypoints": [576, 204, 1], "metadata": {}, "num_keypoints": 1}, {"id": 952, "image_id": 1306, "category_id": 8, "segmentation": [], "area": 0, "bbox": [0, 0, 0, 0], "iscrowd": false, "isbbox": false, "color": "#a5b219", "keypoints": [628, 254, 2], "metadata": {}, "num_keypoints": 1}, {"id": 953, "image_id": 1308, "category_id": 2, "segmentation": [], "area": 0, "bbox": [0, 0, 0, 0], "iscrowd": false, "isbbox": false, "color": "#91f761", "keypoints": [604, 220, 2], "metadata": {}, "num_keypoints": 1}, {"id": 954, "image_id": 1308, "category_id": 3, "segmentation": [], "area": 0, "bbox": [0, 0, 0, 0], "iscrowd": false, "isbbox": false, "color": "#1ea029", "keypoints": [464, 207, 2], "metadata": {}, "num_keypoints": 1}, {"id": 955, "image_id": 1308, "category_id": 4, "segmentation": [], "area": 0, "bbox": [0, 0, 0, 0], "iscrowd": false, "isbbox": false, "color": "#8714b3", "keypoints": [598, 193, 2], "metadata": {}, "num_keypoints": 1}, {"id": 956, "image_id": 1308, "category_id": 5, "segmentation": [], "area": 0, "bbox": [0, 0, 0, 0], "iscrowd": false, "isbbox": false, "color": "#2afe93", "keypoints": [474, 184, 2], "metadata": {}, "num_keypoints": 1}, {"id": 961, "image_id": 1308, "category_id": 6, "segmentation": [], "area": 0, "bbox": [0, 0, 0, 0], "iscrowd": false, "isbbox": false, "color": "#de32ce", "keypoints": [533, 157, 2], "metadata": {}, "num_keypoints": 1}, {"id": 962, "image_id": 1308, "category_id": 7, "segmentation": [], "area": 0, "bbox": [0, 0, 0, 0], "iscrowd": false, "isbbox": false, "color": "#ac72dc", "keypoints": [537, 192, 2], "metadata": {}, "num_keypoints": 1}, {"id": 964, "image_id": 1309, "category_id": 2, "segmentation": [], "area": 0, "bbox": [0, 0, 0, 0], "iscrowd": false, "isbbox": false, "color": "#b233d9", "keypoints": [451, 251, 2], "metadata": {}, "num_keypoints": 1}, {"id": 965, "image_id": 1309, "category_id": 3, "segmentation": [], "area": 0, "bbox": [0, 0, 0, 0], "iscrowd": false, "isbbox": false, "color": "#ed5aa2", "keypoints": [502, 188, 2], "metadata": {}, "num_keypoints": 1}, {"id": 966, "image_id": 1309, "category_id": 4, "segmentation": [], "area": 0, "bbox": [0, 0, 0, 0], "iscrowd": false, "isbbox": false, "color": "#7a49d9", "keypoints": [567, 282, 2], "metadata": {}, "num_keypoints": 1}, {"id": 967, "image_id": 1309, "category_id": 5, "segmentation": [], "area": 0, "bbox": [0, 0, 0, 0], "iscrowd": false, "isbbox": false, "color": "#d62c38", "keypoints": [611, 214, 2], "metadata": {}, "num_keypoints": 1}, {"id": 968, "image_id": 1309, "category_id": 6, "segmentation": [], "area": 0, "bbox": [0, 0, 0, 0], "iscrowd": false, "isbbox": false, "color": "#e2ea44", "keypoints": [591, 220, 2], "metadata": {}, "num_keypoints": 1}, {"id": 970, "image_id": 1309, "category_id": 8, "segmentation": [], "area": 0, "bbox": [0, 0, 0, 0], "iscrowd": false, "isbbox": false, "color": "#78e645", "keypoints": [584, 244, 2], "metadata": {}, "num_keypoints": 1}, {"id": 972, "image_id": 1310, "category_id": 3, "segmentation": [], "area": 0, "bbox": [0, 0, 0, 0], "iscrowd": false, "isbbox": false, "color": "#f66cc5", "keypoints": [641, 281, 2], "metadata": {}, "num_keypoints": 1}, {"id": 973, "image_id": 1310, "category_id": 4, "segmentation": [], "area": 0, "bbox": [0, 0, 0, 0], "iscrowd": false, "isbbox": false, "color": "#c206ec", "keypoints": [449, 250, 2], "metadata": {}, "num_keypoints": 1}, {"id": 974, "image_id": 1310, "category_id": 5, "segmentation": [], "area": 0, "bbox": [0, 0, 0, 0], "iscrowd": false, "isbbox": false, "color": "#386ff9", "keypoints": [505, 301, 2], "metadata": {}, "num_keypoints": 1}, {"id": 975, "image_id": 1310, "category_id": 6, "segmentation": [], "area": 0, "bbox": [0, 0, 0, 0], "iscrowd": false, "isbbox": false, "color": "#e7d348", "keypoints": [480, 243, 2], "metadata": {}, "num_keypoints": 1}, {"id": 977, "image_id": 1310, "category_id": 8, "segmentation": [], "area": 0, "bbox": [0, 0, 0, 0], "iscrowd": false, "isbbox": false, "color": "#0eaa38", "keypoints": [479, 273, 2], "metadata": {}, "num_keypoints": 1}, {"id": 978, "image_id": 1311, "category_id": 2, "segmentation": [], "area": 0, "bbox": [0, 0, 0, 0], "iscrowd": false, "isbbox": false, "color": "#cf165e", "keypoints": [603, 227, 2], "metadata": {}, "num_keypoints": 1}, {"id": 979, "image_id": 1311, "category_id": 3, "segmentation": [], "area": 0, "bbox": [0, 0, 0, 0], "iscrowd": false, "isbbox": false, "color": "#8925d1", "keypoints": [549, 254, 2], "metadata": {}, "num_keypoints": 1}, {"id": 980, "image_id": 1311, "category_id": 4, "segmentation": [], "area": 0, "bbox": [0, 0, 0, 0], "iscrowd": false, "isbbox": false, "color": "#b0e86b", "keypoints": [551, 204, 2], "metadata": {}, "num_keypoints": 1}, {"id": 981, "image_id": 1311, "category_id": 5, "segmentation": [], "area": 0, "bbox": [0, 0, 0, 0], "iscrowd": false, "isbbox": false, "color": "#f6f34b", "keypoints": [497, 229, 2], "metadata": {}, "num_keypoints": 1}, {"id": 984, "image_id": 1311, "category_id": 6, "segmentation": [], "area": 0, "bbox": [0, 0, 0, 0], "iscrowd": false, "isbbox": false, "color": "#0585d6", "keypoints": [521, 201, 2], "metadata": {}, "num_keypoints": 1}, {"id": 985, "image_id": 1311, "category_id": 7, "segmentation": [], "area": 0, "bbox": [0, 0, 0, 0], "iscrowd": false, "isbbox": false, "color": "#f36734", "keypoints": [569, 226, 2], "metadata": {}, "num_keypoints": 1}, {"id": 987, "image_id": 1312, "category_id": 2, "segmentation": [], "area": 0, "bbox": [0, 0, 0, 0], "iscrowd": false, "isbbox": false, "color": "#1fb031", "keypoints": [542, 250, 2], "metadata": {}, "num_keypoints": 1}, {"id": 988, "image_id": 1312, "category_id": 3, "segmentation": [], "area": 0, "bbox": [0, 0, 0, 0], "iscrowd": false, "isbbox": false, "color": "#d74870", "keypoints": [495, 244, 2], "metadata": {}, "num_keypoints": 1}, {"id": 989, "image_id": 1312, "category_id": 4, "segmentation": [], "area": 0, "bbox": [0, 0, 0, 0], "iscrowd": false, "isbbox": false, "color": "#d85221", "keypoints": [549, 228, 2], "metadata": {}, "num_keypoints": 1}, {"id": 990, "image_id": 1312, "category_id": 5, "segmentation": [], "area": 0, "bbox": [0, 0, 0, 0], "iscrowd": false, "isbbox": false, "color": "#22ba68", "keypoints": [506, 225, 2], "metadata": {}, "num_keypoints": 1}, {"id": 993, "image_id": 1312, "category_id": 6, "segmentation": [], "area": 0, "bbox": [0, 0, 0, 0], "iscrowd": false, "isbbox": false, "color": "#e3b951", "keypoints": [526, 217, 2], "metadata": {}, "num_keypoints": 1}, {"id": 994, "image_id": 1312, "category_id": 7, "segmentation": [], "area": 0, "bbox": [0, 0, 0, 0], "iscrowd": false, "isbbox": false, "color": "#f552b9", "keypoints": [519, 238, 2], "metadata": {}, "num_keypoints": 1}, {"id": 996, "image_id": 1313, "category_id": 2, "segmentation": [], "area": 0, "bbox": [0, 0, 0, 0], "iscrowd": false, "isbbox": false, "color": "#c6b315", "keypoints": [364, 253, 2], "metadata": {}, "num_keypoints": 1}, {"id": 997, "image_id": 1313, "category_id": 3, "segmentation": [], "area": 0, "bbox": [0, 0, 0, 0], "iscrowd": false, "isbbox": false, "color": "#81c715", "keypoints": [292, 238, 2], "metadata": {}, "num_keypoints": 1}, {"id": 998, "image_id": 1313, "category_id": 4, "segmentation": [], "area": 0, "bbox": [0, 0, 0, 0], "iscrowd": false, "isbbox": false, "color": "#e91a9f", "keypoints": [438, 222, 2], "metadata": {}, "num_keypoints": 1}, {"id": 1000, "image_id": 1313, "category_id": 6, "segmentation": [], "area": 0, "bbox": [0, 0, 0, 0], "iscrowd": false, "isbbox": false, "color": "#1ac0b2", "keypoints": [393, 192, 2], "metadata": {}, "num_keypoints": 1}, {"id": 1001, "image_id": 1313, "category_id": 7, "segmentation": [], "area": 0, "bbox": [0, 0, 0, 0], "iscrowd": false, "isbbox": false, "color": "#5638de", "keypoints": [335, 226, 2], "metadata": {}, "num_keypoints": 1}, {"id": 1003, "image_id": 1314, "category_id": 2, "segmentation": [], "area": 0, "bbox": [0, 0, 0, 0], "iscrowd": false, "isbbox": false, "color": "#c87702", "keypoints": [575, 278, 2], "metadata": {}, "num_keypoints": 1}, {"id": 1004, "image_id": 1314, "category_id": 3, "segmentation": [], "area": 0, "bbox": [0, 0, 0, 0], "iscrowd": false, "isbbox": false, "color": "#ba2603", "keypoints": [473, 314, 2], "metadata": {}, "num_keypoints": 1}, {"id": 1005, "image_id": 1314, "category_id": 4, "segmentation": [], "area": 0, "bbox": [0, 0, 0, 0], "iscrowd": false, "isbbox": false, "color": "#df0670", "keypoints": [521, 209, 2], "metadata": {}, "num_keypoints": 1}, {"id": 1006, "image_id": 1314, "category_id": 5, "segmentation": [], "area": 0, "bbox": [0, 0, 0, 0], "iscrowd": false, "isbbox": false, "color": "#6ee574", "keypoints": [426, 242, 2], "metadata": {}, "num_keypoints": 1}, {"id": 1007, "image_id": 1314, "category_id": 6, "segmentation": [], "area": 0, "bbox": [0, 0, 0, 0], "iscrowd": false, "isbbox": false, "color": "#4fa1e7", "keypoints": [472, 207, 2], "metadata": {}, "num_keypoints": 1}, {"id": 1008, "image_id": 1314, "category_id": 7, "segmentation": [], "area": 0, "bbox": [0, 0, 0, 0], "iscrowd": false, "isbbox": false, "color": "#b00fc0", "keypoints": [518, 274, 2], "metadata": {}, "num_keypoints": 1}, {"id": 1009, "image_id": 1314, "category_id": 8, "segmentation": [], "area": 0, "bbox": [0, 0, 0, 0], "iscrowd": false, "isbbox": false, "color": "#1a14b9", "keypoints": [478, 226, 2], "metadata": {}, "num_keypoints": 1}, {"id": 1010, "image_id": 1315, "category_id": 2, "segmentation": [], "area": 0, "bbox": [0, 0, 0, 0], "iscrowd": false, "isbbox": false, "color": "#a9e364", "keypoints": [540, 313, 2], "metadata": {}, "num_keypoints": 1}, {"id": 1011, "image_id": 1315, "category_id": 3, "segmentation": [], "area": 0, "bbox": [0, 0, 0, 0], "iscrowd": false, "isbbox": false, "color": "#2729c0", "keypoints": [471, 372, 2], "metadata": {}, "num_keypoints": 1}, {"id": 1012, "image_id": 1315, "category_id": 4, "segmentation": [], "area": 0, "bbox": [0, 0, 0, 0], "iscrowd": false, "isbbox": false, "color": "#3fdacd", "keypoints": [442, 268, 2], "metadata": {}, "num_keypoints": 1}, {"id": 1013, "image_id": 1315, "category_id": 5, "segmentation": [], "area": 0, "bbox": [0, 0, 0, 0], "iscrowd": false, "isbbox": false, "color": "#2daec3", "keypoints": [369, 320, 2], "metadata": {}, "num_keypoints": 1}, {"id": 1014, "image_id": 1315, "category_id": 6, "segmentation": [], "area": 0, "bbox": [0, 0, 0, 0], "iscrowd": false, "isbbox": false, "color": "#d74457", "keypoints": [408, 271, 2], "metadata": {}, "num_keypoints": 1}, {"id": 1015, "image_id": 1315, "category_id": 7, "segmentation": [], "area": 0, "bbox": [0, 0, 0, 0], "iscrowd": false, "isbbox": false, "color": "#a1af28", "keypoints": [494, 321, 2], "metadata": {}, "num_keypoints": 1}, {"id": 1016, "image_id": 1315, "category_id": 8, "segmentation": [], "area": 0, "bbox": [0, 0, 0, 0], "iscrowd": false, "isbbox": false, "color": "#2d64ce", "keypoints": [415, 289, 2], "metadata": {}, "num_keypoints": 1}, {"id": 1017, "image_id": 1316, "category_id": 2, "segmentation": [], "area": 0, "bbox": [0, 0, 0, 0], "iscrowd": false, "isbbox": false, "color": "#e039d0", "keypoints": [512, 196, 2], "metadata": {}, "num_keypoints": 1}, {"id": 1018, "image_id": 1316, "category_id": 3, "segmentation": [], "area": 0, "bbox": [0, 0, 0, 0], "iscrowd": false, "isbbox": false, "color": "#02db22", "keypoints": [438, 191, 2], "metadata": {}, "num_keypoints": 1}, {"id": 1019, "image_id": 1316, "category_id": 4, "segmentation": [], "area": 0, "bbox": [0, 0, 0, 0], "iscrowd": false, "isbbox": false, "color": "#b561e0", "keypoints": [518, 149, 2], "metadata": {}, "num_keypoints": 1}, {"id": 1020, "image_id": 1316, "category_id": 5, "segmentation": [], "area": 0, "bbox": [0, 0, 0, 0], "iscrowd": false, "isbbox": false, "color": "#d87659", "keypoints": [452, 145, 2], "metadata": {}, "num_keypoints": 1}, {"id": 1021, "image_id": 1316, "category_id": 6, "segmentation": [], "area": 0, "bbox": [0, 0, 0, 0], "iscrowd": false, "isbbox": false, "color": "#fef819", "keypoints": [481, 134, 2], "metadata": {}, "num_keypoints": 1}, {"id": 1022, "image_id": 1316, "category_id": 7, "segmentation": [], "area": 0, "bbox": [0, 0, 0, 0], "iscrowd": false, "isbbox": false, "color": "#ce5a2f", "keypoints": [475, 180, 2], "metadata": {}, "num_keypoints": 1}, {"id": 1023, "image_id": 1316, "category_id": 8, "segmentation": [], "area": 0, "bbox": [0, 0, 0, 0], "iscrowd": false, "isbbox": false, "color": "#c70bfe", "keypoints": [484, 149, 2], "metadata": {}, "num_keypoints": 1}, {"id": 1024, "image_id": 1317, "category_id": 2, "segmentation": [], "area": 0, "bbox": [0, 0, 0, 0], "iscrowd": false, "isbbox": false, "color": "#cc9032", "keypoints": [438, 387, 2], "metadata": {}, "num_keypoints": 1}, {"id": 1025, "image_id": 1317, "category_id": 3, "segmentation": [], "area": 0, "bbox": [0, 0, 0, 0], "iscrowd": false, "isbbox": false, "color": "#44fbd1", "keypoints": [416, 312, 2], "metadata": {}, "num_keypoints": 1}, {"id": 1026, "image_id": 1317, "category_id": 4, "segmentation": [], "area": 0, "bbox": [0, 0, 0, 0], "iscrowd": false, "isbbox": false, "color": "#f8429f", "keypoints": [529, 358, 2], "metadata": {}, "num_keypoints": 1}, {"id": 1027, "image_id": 1317, "category_id": 5, "segmentation": [], "area": 0, "bbox": [0, 0, 0, 0], "iscrowd": false, "isbbox": false, "color": "#ed35e6", "keypoints": [504, 287, 2], "metadata": {}, "num_keypoints": 1}, {"id": 1028, "image_id": 1317, "category_id": 6, "segmentation": [], "area": 0, "bbox": [0, 0, 0, 0], "iscrowd": false, "isbbox": false, "color": "#eced58", "keypoints": [513, 307, 2], "metadata": {}, "num_keypoints": 1}, {"id": 1029, "image_id": 1317, "category_id": 7, "segmentation": [], "area": 0, "bbox": [0, 0, 0, 0], "iscrowd": false, "isbbox": false, "color": "#e241c8", "keypoints": [437, 338, 2], "metadata": {}, "num_keypoints": 1}, {"id": 1030, "image_id": 1317, "category_id": 8, "segmentation": [], "area": 0, "bbox": [0, 0, 0, 0], "iscrowd": false, "isbbox": false, "color": "#6d21fb", "keypoints": [512, 323, 2], "metadata": {}, "num_keypoints": 1}, {"id": 1031, "image_id": 1318, "category_id": 2, "segmentation": [], "area": 0, "bbox": [0, 0, 0, 0], "iscrowd": false, "isbbox": false, "color": "#71e2c8", "keypoints": [467, 204, 2], "metadata": {}, "num_keypoints": 1}, {"id": 1032, "image_id": 1318, "category_id": 3, "segmentation": [], "area": 0, "bbox": [0, 0, 0, 0], "iscrowd": false, "isbbox": false, "color": "#f32546", "keypoints": [408, 170, 2], "metadata": {}, "num_keypoints": 1}, {"id": 1033, "image_id": 1318, "category_id": 4, "segmentation": [], "area": 0, "bbox": [0, 0, 0, 0], "iscrowd": false, "isbbox": false, "color": "#244ffe", "keypoints": [571, 174, 2], "metadata": {}, "num_keypoints": 1}, {"id": 1035, "image_id": 1318, "category_id": 6, "segmentation": [], "area": 0, "bbox": [0, 0, 0, 0], "iscrowd": false, "isbbox": false, "color": "#638dde", "keypoints": [534, 131, 2], "metadata": {}, "num_keypoints": 1}, {"id": 1036, "image_id": 1318, "category_id": 7, "segmentation": [], "area": 0, "bbox": [0, 0, 0, 0], "iscrowd": false, "isbbox": false, "color": "#8c1de9", "keypoints": [451, 167, 2], "metadata": {}, "num_keypoints": 1}, {"id": 1038, "image_id": 1319, "category_id": 2, "segmentation": [], "area": 0, "bbox": [0, 0, 0, 0], "iscrowd": false, "isbbox": false, "color": "#1d9858", "keypoints": [471, 208, 2], "metadata": {}, "num_keypoints": 1}, {"id": 1039, "image_id": 1319, "category_id": 3, "segmentation": [], "area": 0, "bbox": [0, 0, 0, 0], "iscrowd": false, "isbbox": false, "color": "#cde180", "keypoints": [412, 268, 2], "metadata": {}, "num_keypoints": 1}, {"id": 1040, "image_id": 1319, "category_id": 4, "segmentation": [], "area": 0, "bbox": [0, 0, 0, 0], "iscrowd": false, "isbbox": false, "color": "#b04606", "keypoints": [380, 178, 2], "metadata": {}, "num_keypoints": 1}, {"id": 1041, "image_id": 1319, "category_id": 5, "segmentation": [], "area": 0, "bbox": [0, 0, 0, 0], "iscrowd": false, "isbbox": false, "color": "#ea58b0", "keypoints": [318, 234, 2], "metadata": {}, "num_keypoints": 1}, {"id": 1042, "image_id": 1319, "category_id": 6, "segmentation": [], "area": 0, "bbox": [0, 0, 0, 0], "iscrowd": false, "isbbox": false, "color": "#d4138c", "keypoints": [345, 186, 2], "metadata": {}, "num_keypoints": 1}, {"id": 1043, "image_id": 1319, "category_id": 7, "segmentation": [], "area": 0, "bbox": [0, 0, 0, 0], "iscrowd": false, "isbbox": false, "color": "#25a0e0", "keypoints": [428, 222, 2], "metadata": {}, "num_keypoints": 1}, {"id": 1044, "image_id": 1319, "category_id": 8, "segmentation": [], "area": 0, "bbox": [0, 0, 0, 0], "iscrowd": false, "isbbox": false, "color": "#3922c3", "keypoints": [359, 203, 2], "metadata": {}, "num_keypoints": 1}, {"id": 1045, "image_id": 1320, "category_id": 2, "segmentation": [], "area": 0, "bbox": [0, 0, 0, 0], "iscrowd": false, "isbbox": false, "color": "#b1cf2c", "keypoints": [618, 268, 2], "metadata": {}, "num_keypoints": 1}, {"id": 1046, "image_id": 1320, "category_id": 3, "segmentation": [], "area": 0, "bbox": [0, 0, 0, 0], "iscrowd": false, "isbbox": false, "color": "#a7ec38", "keypoints": [528, 300, 2], "metadata": {}, "num_keypoints": 1}, {"id": 1049, "image_id": 1320, "category_id": 5, "segmentation": [], "area": 0, "bbox": [0, 0, 0, 0], "iscrowd": false, "isbbox": false, "color": "#08c467", "keypoints": [406, 259, 2], "metadata": {}, "num_keypoints": 1}, {"id": 1050, "image_id": 1320, "category_id": 6, "segmentation": [], "area": 0, "bbox": [0, 0, 0, 0], "iscrowd": false, "isbbox": false, "color": "#d8d923", "keypoints": [461, 212, 2], "metadata": {}, "num_keypoints": 1}, {"id": 1051, "image_id": 1320, "category_id": 7, "segmentation": [], "area": 0, "bbox": [0, 0, 0, 0], "iscrowd": false, "isbbox": false, "color": "#ab1da9", "keypoints": [561, 258, 2], "metadata": {}, "num_keypoints": 1}, {"id": 1053, "image_id": 1321, "category_id": 2, "segmentation": [], "area": 0, "bbox": [0, 0, 0, 0], "iscrowd": false, "isbbox": false, "color": "#d5fa4f", "keypoints": [563, 307, 2], "metadata": {}, "num_keypoints": 1}, {"id": 1054, "image_id": 1321, "category_id": 3, "segmentation": [], "area": 0, "bbox": [0, 0, 0, 0], "iscrowd": false, "isbbox": false, "color": "#53e22c", "keypoints": [499, 273, 2], "metadata": {}, "num_keypoints": 1}, {"id": 1055, "image_id": 1321, "category_id": 4, "segmentation": [], "area": 0, "bbox": [0, 0, 0, 0], "iscrowd": false, "isbbox": false, "color": "#90f80c", "keypoints": [598, 255, 2], "metadata": {}, "num_keypoints": 1}, {"id": 1056, "image_id": 1321, "category_id": 5, "segmentation": [], "area": 0, "bbox": [0, 0, 0, 0], "iscrowd": false, "isbbox": false, "color": "#5355d9", "keypoints": [534, 227, 2], "metadata": {}, "num_keypoints": 1}, {"id": 1057, "image_id": 1321, "category_id": 6, "segmentation": [], "area": 0, "bbox": [0, 0, 0, 0], "iscrowd": false, "isbbox": false, "color": "#6974dd", "keypoints": [565, 229, 2], "metadata": {}, "num_keypoints": 1}, {"id": 1058, "image_id": 1321, "category_id": 7, "segmentation": [], "area": 0, "bbox": [0, 0, 0, 0], "iscrowd": false, "isbbox": false, "color": "#f214f2", "keypoints": [536, 276, 2], "metadata": {}, "num_keypoints": 1}, {"id": 1059, "image_id": 1321, "category_id": 8, "segmentation": [], "area": 0, "bbox": [0, 0, 0, 0], "iscrowd": false, "isbbox": false, "color": "#f3570b", "keypoints": [566, 240, 2], "metadata": {}, "num_keypoints": 1}, {"id": 1060, "image_id": 1322, "category_id": 2, "segmentation": [], "area": 0, "bbox": [0, 0, 0, 0], "iscrowd": false, "isbbox": false, "color": "#90e064", "keypoints": [394, 258, 2], "metadata": {}, "num_keypoints": 1}, {"id": 1061, "image_id": 1322, "category_id": 3, "segmentation": [], "area": 0, "bbox": [0, 0, 0, 0], "iscrowd": false, "isbbox": false, "color": "#df2f41", "keypoints": [356, 204, 2], "metadata": {}, "num_keypoints": 1}, {"id": 1062, "image_id": 1322, "category_id": 4, "segmentation": [], "area": 0, "bbox": [0, 0, 0, 0], "iscrowd": false, "isbbox": false, "color": "#f537d7", "keypoints": [459, 235, 2], "metadata": {}, "num_keypoints": 1}, {"id": 1063, "image_id": 1322, "category_id": 5, "segmentation": [], "area": 0, "bbox": [0, 0, 0, 0], "iscrowd": false, "isbbox": false, "color": "#ba204d", "keypoints": [422, 183, 2], "metadata": {}, "num_keypoints": 1}, {"id": 1064, "image_id": 1322, "category_id": 6, "segmentation": [], "area": 0, "bbox": [0, 0, 0, 0], "iscrowd": false, "isbbox": false, "color": "#002cf7", "keypoints": [443, 194, 2], "metadata": {}, "num_keypoints": 1}, {"id": 1065, "image_id": 1322, "category_id": 7, "segmentation": [], "area": 0, "bbox": [0, 0, 0, 0], "iscrowd": false, "isbbox": false, "color": "#cf4c0f", "keypoints": [386, 220, 2], "metadata": {}, "num_keypoints": 1}, {"id": 1066, "image_id": 1322, "category_id": 8, "segmentation": [], "area": 0, "bbox": [0, 0, 0, 0], "iscrowd": false, "isbbox": false, "color": "#58aef3", "keypoints": [438, 207, 2], "metadata": {}, "num_keypoints": 1}, {"id": 1068, "image_id": 1325, "category_id": 2, "segmentation": [], "area": 0, "bbox": [0, 0, 0, 0], "iscrowd": false, "isbbox": false, "color": "#1da095", "keypoints": [410, 343, 2], "metadata": {}, "num_keypoints": 1}, {"id": 1069, "image_id": 1325, "category_id": 3, "segmentation": [], "area": 0, "bbox": [0, 0, 0, 0], "iscrowd": false, "isbbox": false, "color": "#fea60a", "keypoints": [515, 358, 2], "metadata": {}, "num_keypoints": 1}, {"id": 1070, "image_id": 1325, "category_id": 4, "segmentation": [], "area": 0, "bbox": [0, 0, 0, 0], "iscrowd": false, "isbbox": false, "color": "#fa201c", "keypoints": [378, 436, 2], "metadata": {}, "num_keypoints": 1}, {"id": 1071, "image_id": 1325, "category_id": 5, "segmentation": [], "area": 0, "bbox": [0, 0, 0, 0], "iscrowd": false, "isbbox": false, "color": "#5101d7", "keypoints": [494, 459, 2], "metadata": {}, "num_keypoints": 1}, {"id": 1072, "image_id": 1325, "category_id": 6, "segmentation": [], "area": 0, "bbox": [0, 0, 0, 0], "iscrowd": false, "isbbox": false, "color": "#3ee5a8", "keypoints": [435, 431, 2], "metadata": {}, "num_keypoints": 1}, {"id": 1079, "image_id": 1327, "category_id": 2, "segmentation": [], "area": 0, "bbox": [0, 0, 0, 0], "iscrowd": false, "isbbox": false, "color": "#d719d3", "keypoints": [261, 213, 2], "metadata": {}, "num_keypoints": 1}, {"id": 1080, "image_id": 1327, "category_id": 3, "segmentation": [], "area": 0, "bbox": [0, 0, 0, 0], "iscrowd": false, "isbbox": false, "color": "#8bf551", "keypoints": [320, 214, 2], "metadata": {}, "num_keypoints": 1}, {"id": 1081, "image_id": 1327, "category_id": 4, "segmentation": [], "area": 0, "bbox": [0, 0, 0, 0], "iscrowd": false, "isbbox": false, "color": "#e16526", "keypoints": [263, 275, 2], "metadata": {}, "num_keypoints": 1}, {"id": 1082, "image_id": 1327, "category_id": 5, "segmentation": [], "area": 0, "bbox": [0, 0, 0, 0], "iscrowd": false, "isbbox": false, "color": "#58fc52", "keypoints": [320, 273, 2], "metadata": {}, "num_keypoints": 1}, {"id": 1083, "image_id": 1327, "category_id": 6, "segmentation": [], "area": 0, "bbox": [0, 0, 0, 0], "iscrowd": false, "isbbox": false, "color": "#1ead84", "keypoints": [297, 276, 2], "metadata": {}, "num_keypoints": 1}, {"id": 1084, "image_id": 1327, "category_id": 7, "segmentation": [], "area": 0, "bbox": [0, 0, 0, 0], "iscrowd": false, "isbbox": false, "color": "#907e23", "keypoints": [292, 223, 2], "metadata": {}, "num_keypoints": 1}, {"id": 1086, "image_id": 1328, "category_id": 2, "segmentation": [], "area": 0, "bbox": [0, 0, 0, 0], "iscrowd": false, "isbbox": false, "color": "#0ca890", "keypoints": [473, 167, 2], "metadata": {}, "num_keypoints": 1}, {"id": 1087, "image_id": 1328, "category_id": 3, "segmentation": [], "area": 0, "bbox": [0, 0, 0, 0], "iscrowd": false, "isbbox": false, "color": "#2669b5", "keypoints": [420, 184, 2], "metadata": {}, "num_keypoints": 1}, {"id": 1088, "image_id": 1328, "category_id": 4, "segmentation": [], "area": 0, "bbox": [0, 0, 0, 0], "iscrowd": false, "isbbox": false, "color": "#81ee5d", "keypoints": [480, 128, 2], "metadata": {}, "num_keypoints": 1}, {"id": 1090, "image_id": 1328, "category_id": 6, "segmentation": [], "area": 0, "bbox": [0, 0, 0, 0], "iscrowd": false, "isbbox": false, "color": "#43fdce", "keypoints": [445, 129, 2], "metadata": {}, "num_keypoints": 1}, {"id": 1091, "image_id": 1328, "category_id": 7, "segmentation": [], "area": 0, "bbox": [0, 0, 0, 0], "iscrowd": false, "isbbox": false, "color": "#a7d348", "keypoints": [444, 165, 2], "metadata": {}, "num_keypoints": 1}, {"id": 1093, "image_id": 1329, "category_id": 2, "segmentation": [], "area": 0, "bbox": [0, 0, 0, 0], "iscrowd": false, "isbbox": false, "color": "#57a50d", "keypoints": [423, 347, 2], "metadata": {}, "num_keypoints": 1}, {"id": 1094, "image_id": 1329, "category_id": 3, "segmentation": [], "area": 0, "bbox": [0, 0, 0, 0], "iscrowd": false, "isbbox": false, "color": "#518ae5", "keypoints": [386, 340, 2], "metadata": {}, "num_keypoints": 1}, {"id": 1095, "image_id": 1329, "category_id": 4, "segmentation": [], "area": 0, "bbox": [0, 0, 0, 0], "iscrowd": false, "isbbox": false, "color": "#c9e326", "keypoints": [427, 307, 2], "metadata": {}, "num_keypoints": 1}, {"id": 1096, "image_id": 1329, "category_id": 5, "segmentation": [], "area": 0, "bbox": [0, 0, 0, 0], "iscrowd": false, "isbbox": false, "color": "#03a7b6", "keypoints": [392, 302, 2], "metadata": {}, "num_keypoints": 1}, {"id": 1097, "image_id": 1329, "category_id": 6, "segmentation": [], "area": 0, "bbox": [0, 0, 0, 0], "iscrowd": false, "isbbox": false, "color": "#0bf185", "keypoints": [414, 306, 2], "metadata": {}, "num_keypoints": 1}, {"id": 1098, "image_id": 1329, "category_id": 7, "segmentation": [], "area": 0, "bbox": [0, 0, 0, 0], "iscrowd": false, "isbbox": false, "color": "#d521c9", "keypoints": [409, 339, 2], "metadata": {}, "num_keypoints": 1}, {"id": 1100, "image_id": 1332, "category_id": 2, "segmentation": [], "area": 0, "bbox": [0, 0, 0, 0], "iscrowd": false, "isbbox": false, "color": "#a8731c", "keypoints": [540, 259, 2], "metadata": {}, "num_keypoints": 1}, {"id": 1101, "image_id": 1332, "category_id": 3, "segmentation": [], "area": 0, "bbox": [0, 0, 0, 0], "iscrowd": false, "isbbox": false, "color": "#9707cf", "keypoints": [444, 219, 2], "metadata": {}, "num_keypoints": 1}, {"id": 1102, "image_id": 1332, "category_id": 4, "segmentation": [], "area": 0, "bbox": [0, 0, 0, 0], "iscrowd": false, "isbbox": false, "color": "#e309cf", "keypoints": [626, 198, 2], "metadata": {}, "num_keypoints": 1}, {"id": 1103, "image_id": 1332, "category_id": 5, "segmentation": [], "area": 0, "bbox": [0, 0, 0, 0], "iscrowd": false, "isbbox": false, "color": "#bc0cbd", "keypoints": [534, 168, 2], "metadata": {}, "num_keypoints": 1}, {"id": 1104, "image_id": 1332, "category_id": 6, "segmentation": [], "area": 0, "bbox": [0, 0, 0, 0], "iscrowd": false, "isbbox": false, "color": "#ea31e9", "keypoints": [576, 155, 2], "metadata": {}, "num_keypoints": 1}, {"id": 1105, "image_id": 1332, "category_id": 7, "segmentation": [], "area": 0, "bbox": [0, 0, 0, 0], "iscrowd": false, "isbbox": false, "color": "#5bb0fa", "keypoints": [501, 215, 2], "metadata": {}, "num_keypoints": 1}, {"id": 1107, "image_id": 1333, "category_id": 2, "segmentation": [], "area": 0, "bbox": [0, 0, 0, 0], "iscrowd": false, "isbbox": false, "color": "#db32b8", "keypoints": [444, 305, 2], "metadata": {}, "num_keypoints": 1}, {"id": 1108, "image_id": 1333, "category_id": 3, "segmentation": [], "area": 0, "bbox": [0, 0, 0, 0], "iscrowd": false, "isbbox": false, "color": "#eea815", "keypoints": [393, 289, 2], "metadata": {}, "num_keypoints": 1}, {"id": 1109, "image_id": 1333, "category_id": 4, "segmentation": [], "area": 0, "bbox": [0, 0, 0, 0], "iscrowd": false, "isbbox": false, "color": "#62f95d", "keypoints": [470, 270, 2], "metadata": {}, "num_keypoints": 1}, {"id": 1110, "image_id": 1333, "category_id": 5, "segmentation": [], "area": 0, "bbox": [0, 0, 0, 0], "iscrowd": false, "isbbox": false, "color": "#45c004", "keypoints": [418, 257, 2], "metadata": {}, "num_keypoints": 1}, {"id": 1111, "image_id": 1333, "category_id": 6, "segmentation": [], "area": 0, "bbox": [0, 0, 0, 0], "iscrowd": false, "isbbox": false, "color": "#dbaf47", "keypoints": [443, 253, 2], "metadata": {}, "num_keypoints": 1}, {"id": 1112, "image_id": 1333, "category_id": 7, "segmentation": [], "area": 0, "bbox": [0, 0, 0, 0], "iscrowd": false, "isbbox": false, "color": "#3506b1", "keypoints": [422, 287, 2], "metadata": {}, "num_keypoints": 1}, {"id": 1114, "image_id": 1334, "category_id": 2, "segmentation": [], "area": 0, "bbox": [0, 0, 0, 0], "iscrowd": false, "isbbox": false, "color": "#8221fb", "keypoints": [478, 252, 2], "metadata": {}, "num_keypoints": 1}, {"id": 1115, "image_id": 1334, "category_id": 3, "segmentation": [], "area": 0, "bbox": [0, 0, 0, 0], "iscrowd": false, "isbbox": false, "color": "#d8d140", "keypoints": [396, 324, 2], "metadata": {}, "num_keypoints": 1}, {"id": 1116, "image_id": 1334, "category_id": 4, "segmentation": [], "area": 0, "bbox": [0, 0, 0, 0], "iscrowd": false, "isbbox": false, "color": "#f84b6e", "keypoints": [363, 203, 2], "metadata": {}, "num_keypoints": 1}, {"id": 1117, "image_id": 1334, "category_id": 5, "segmentation": [], "area": 0, "bbox": [0, 0, 0, 0], "iscrowd": false, "isbbox": false, "color": "#434ad6", "keypoints": [271, 268, 2], "metadata": {}, "num_keypoints": 1}, {"id": 1118, "image_id": 1334, "category_id": 6, "segmentation": [], "area": 0, "bbox": [0, 0, 0, 0], "iscrowd": false, "isbbox": false, "color": "#e07a69", "keypoints": [320, 205, 2], "metadata": {}, "num_keypoints": 1}, {"id": 1119, "image_id": 1334, "category_id": 7, "segmentation": [], "area": 0, "bbox": [0, 0, 0, 0], "iscrowd": false, "isbbox": false, "color": "#e6834e", "keypoints": [423, 263, 2], "metadata": {}, "num_keypoints": 1}, {"id": 1121, "image_id": 1335, "category_id": 2, "segmentation": [], "area": 0, "bbox": [0, 0, 0, 0], "iscrowd": false, "isbbox": false, "color": "#c62eb9", "keypoints": [646, 306, 2], "metadata": {}, "num_keypoints": 1}, {"id": 1122, "image_id": 1335, "category_id": 3, "segmentation": [], "area": 0, "bbox": [0, 0, 0, 0], "iscrowd": false, "isbbox": false, "color": "#bdf20d", "keypoints": [579, 281, 2], "metadata": {}, "num_keypoints": 1}, {"id": 1123, "image_id": 1335, "category_id": 4, "segmentation": [], "area": 0, "bbox": [0, 0, 0, 0], "iscrowd": false, "isbbox": false, "color": "#c49b1c", "keypoints": [675, 251, 2], "metadata": {}, "num_keypoints": 1}, {"id": 1124, "image_id": 1335, "category_id": 5, "segmentation": [], "area": 0, "bbox": [0, 0, 0, 0], "iscrowd": false, "isbbox": false, "color": "#1ac08c", "keypoints": [611, 228, 2], "metadata": {}, "num_keypoints": 1}, {"id": 1125, "image_id": 1335, "category_id": 6, "segmentation": [], "area": 0, "bbox": [0, 0, 0, 0], "iscrowd": false, "isbbox": false, "color": "#f33498", "keypoints": [644, 230, 2], "metadata": {}, "num_keypoints": 1}, {"id": 1126, "image_id": 1335, "category_id": 7, "segmentation": [], "area": 0, "bbox": [0, 0, 0, 0], "iscrowd": false, "isbbox": false, "color": "#902380", "keypoints": [616, 280, 2], "metadata": {}, "num_keypoints": 1}, {"id": 1127, "image_id": 1335, "category_id": 8, "segmentation": [], "area": 0, "bbox": [0, 0, 0, 0], "iscrowd": false, "isbbox": false, "color": "#50b21d", "keypoints": [643, 240, 2], "metadata": {}, "num_keypoints": 1}, {"id": 1128, "image_id": 1336, "category_id": 2, "segmentation": [], "area": 0, "bbox": [0, 0, 0, 0], "iscrowd": false, "isbbox": false, "color": "#40f75b", "keypoints": [374, 304, 2], "metadata": {}, "num_keypoints": 1}, {"id": 1129, "image_id": 1336, "category_id": 3, "segmentation": [], "area": 0, "bbox": [0, 0, 0, 0], "iscrowd": false, "isbbox": false, "color": "#3aeb21", "keypoints": [405, 272, 2], "metadata": {}, "num_keypoints": 1}, {"id": 1130, "image_id": 1336, "category_id": 4, "segmentation": [], "area": 0, "bbox": [0, 0, 0, 0], "iscrowd": false, "isbbox": false, "color": "#f0113d", "keypoints": [492, 320, 2], "metadata": {}, "num_keypoints": 1}, {"id": 1131, "image_id": 1336, "category_id": 5, "segmentation": [], "area": 0, "bbox": [0, 0, 0, 0], "iscrowd": false, "isbbox": false, "color": "#d2c93e", "keypoints": [516, 286, 2], "metadata": {}, "num_keypoints": 1}, {"id": 1132, "image_id": 1336, "category_id": 6, "segmentation": [], "area": 0, "bbox": [0, 0, 0, 0], "iscrowd": false, "isbbox": false, "color": "#d859e7", "keypoints": [504, 276, 2], "metadata": {}, "num_keypoints": 1}, {"id": 1133, "image_id": 1336, "category_id": 7, "segmentation": [], "area": 0, "bbox": [0, 0, 0, 0], "iscrowd": false, "isbbox": false, "color": "#32dd71", "keypoints": [408, 274, 2], "metadata": {}, "num_keypoints": 1}, {"id": 1134, "image_id": 1336, "category_id": 8, "segmentation": [], "area": 0, "bbox": [0, 0, 0, 0], "iscrowd": false, "isbbox": false, "color": "#971c30", "keypoints": [500, 300, 2], "metadata": {}, "num_keypoints": 1}, {"id": 1135, "image_id": 1337, "category_id": 2, "segmentation": [], "area": 0, "bbox": [0, 0, 0, 0], "iscrowd": false, "isbbox": false, "color": "#57e688", "keypoints": [474, 247, 2], "metadata": {}, "num_keypoints": 1}, {"id": 1136, "image_id": 1337, "category_id": 3, "segmentation": [], "area": 0, "bbox": [0, 0, 0, 0], "iscrowd": false, "isbbox": false, "color": "#fb5a11", "keypoints": [379, 234, 2], "metadata": {}, "num_keypoints": 1}, {"id": 1137, "image_id": 1337, "category_id": 4, "segmentation": [], "area": 0, "bbox": [0, 0, 0, 0], "iscrowd": false, "isbbox": false, "color": "#a354d7", "keypoints": [475, 196, 2], "metadata": {}, "num_keypoints": 1}, {"id": 1138, "image_id": 1337, "category_id": 5, "segmentation": [], "area": 0, "bbox": [0, 0, 0, 0], "iscrowd": false, "isbbox": false, "color": "#1fa909", "keypoints": [387, 185, 2], "metadata": {}, "num_keypoints": 1}, {"id": 1139, "image_id": 1337, "category_id": 6, "segmentation": [], "area": 0, "bbox": [0, 0, 0, 0], "iscrowd": false, "isbbox": false, "color": "#52efb4", "keypoints": [434, 173, 2], "metadata": {}, "num_keypoints": 1}, {"id": 1140, "image_id": 1337, "category_id": 7, "segmentation": [], "area": 0, "bbox": [0, 0, 0, 0], "iscrowd": false, "isbbox": false, "color": "#be9f11", "keypoints": [428, 223, 2], "metadata": {}, "num_keypoints": 1}, {"id": 1143, "image_id": 1338, "category_id": 3, "segmentation": [], "area": 0, "bbox": [0, 0, 0, 0], "iscrowd": false, "isbbox": false, "color": "#9f1cba", "keypoints": [549, 250, 2], "metadata": {}, "num_keypoints": 1}, {"id": 1144, "image_id": 1338, "category_id": 4, "segmentation": [], "area": 0, "bbox": [0, 0, 0, 0], "iscrowd": false, "isbbox": false, "color": "#35d489", "keypoints": [421, 220, 2], "metadata": {}, "num_keypoints": 1}, {"id": 1145, "image_id": 1338, "category_id": 5, "segmentation": [], "area": 0, "bbox": [0, 0, 0, 0], "iscrowd": false, "isbbox": false, "color": "#d452d7", "keypoints": [444, 261, 2], "metadata": {}, "num_keypoints": 1}, {"id": 1146, "image_id": 1338, "category_id": 6, "segmentation": [], "area": 0, "bbox": [0, 0, 0, 0], "iscrowd": false, "isbbox": false, "color": "#53d472", "keypoints": [434, 216, 2], "metadata": {}, "num_keypoints": 1}, {"id": 1147, "image_id": 1338, "category_id": 7, "segmentation": [], "area": 0, "bbox": [0, 0, 0, 0], "iscrowd": false, "isbbox": false, "color": "#c0d13b", "keypoints": [519, 218, 2], "metadata": {}, "num_keypoints": 1}, {"id": 1148, "image_id": 1338, "category_id": 8, "segmentation": [], "area": 0, "bbox": [0, 0, 0, 0], "iscrowd": false, "isbbox": false, "color": "#03accc", "keypoints": [435, 238, 2], "metadata": {}, "num_keypoints": 1}, {"id": 1149, "image_id": 1339, "category_id": 2, "segmentation": [], "area": 0, "bbox": [0, 0, 0, 0], "iscrowd": false, "isbbox": false, "color": "#f30a1a", "keypoints": [573, 315, 2], "metadata": {}, "num_keypoints": 1}, {"id": 1150, "image_id": 1339, "category_id": 3, "segmentation": [], "area": 0, "bbox": [0, 0, 0, 0], "iscrowd": false, "isbbox": false, "color": "#dbee75", "keypoints": [545, 258, 2], "metadata": {}, "num_keypoints": 1}, {"id": 1151, "image_id": 1339, "category_id": 4, "segmentation": [], "area": 0, "bbox": [0, 0, 0, 0], "iscrowd": false, "isbbox": false, "color": "#2354d9", "keypoints": [632, 291, 2], "metadata": {}, "num_keypoints": 1}, {"id": 1152, "image_id": 1339, "category_id": 5, "segmentation": [], "area": 0, "bbox": [0, 0, 0, 0], "iscrowd": false, "isbbox": false, "color": "#49e7b7", "keypoints": [605, 237, 2], "metadata": {}, "num_keypoints": 1}, {"id": 1153, "image_id": 1339, "category_id": 6, "segmentation": [], "area": 0, "bbox": [0, 0, 0, 0], "iscrowd": false, "isbbox": false, "color": "#39fcb4", "keypoints": [623, 259, 2], "metadata": {}, "num_keypoints": 1}, {"id": 1154, "image_id": 1339, "category_id": 7, "segmentation": [], "area": 0, "bbox": [0, 0, 0, 0], "iscrowd": false, "isbbox": false, "color": "#48c11a", "keypoints": [569, 281, 2], "metadata": {}, "num_keypoints": 1}, {"id": 1155, "image_id": 1339, "category_id": 8, "segmentation": [], "area": 0, "bbox": [0, 0, 0, 0], "iscrowd": false, "isbbox": false, "color": "#8761fb", "keypoints": [618, 266, 2], "metadata": {}, "num_keypoints": 1}, {"id": 1157, "image_id": 1341, "category_id": 2, "segmentation": [], "area": 0, "bbox": [0, 0, 0, 0], "iscrowd": false, "isbbox": false, "color": "#09fdce", "keypoints": [507, 296, 2], "metadata": {}, "num_keypoints": 1}, {"id": 1158, "image_id": 1341, "category_id": 3, "segmentation": [], "area": 0, "bbox": [0, 0, 0, 0], "iscrowd": false, "isbbox": false, "color": "#0937df", "keypoints": [388, 259, 2], "metadata": {}, "num_keypoints": 1}, {"id": 1159, "image_id": 1341, "category_id": 4, "segmentation": [], "area": 0, "bbox": [0, 0, 0, 0], "iscrowd": false, "isbbox": false, "color": "#25bd04", "keypoints": [563, 201, 2], "metadata": {}, "num_keypoints": 1}, {"id": 1160, "image_id": 1341, "category_id": 5, "segmentation": [], "area": 0, "bbox": [0, 0, 0, 0], "iscrowd": false, "isbbox": false, "color": "#2a6fce", "keypoints": [450, 172, 2], "metadata": {}, "num_keypoints": 1}, {"id": 1161, "image_id": 1341, "category_id": 6, "segmentation": [], "area": 0, "bbox": [0, 0, 0, 0], "iscrowd": false, "isbbox": false, "color": "#a70c17", "keypoints": [505, 162, 2], "metadata": {}, "num_keypoints": 1}, {"id": 1162, "image_id": 1341, "category_id": 7, "segmentation": [], "area": 0, "bbox": [0, 0, 0, 0], "iscrowd": false, "isbbox": false, "color": "#279cae", "keypoints": [453, 253, 2], "metadata": {}, "num_keypoints": 1}, {"id": 1163, "image_id": 1341, "category_id": 8, "segmentation": [], "area": 0, "bbox": [0, 0, 0, 0], "iscrowd": false, "isbbox": false, "color": "#f67c52", "keypoints": [504, 189, 2], "metadata": {}, "num_keypoints": 1}, {"id": 1164, "image_id": 1342, "category_id": 2, "segmentation": [], "area": 0, "bbox": [0, 0, 0, 0], "iscrowd": false, "isbbox": false, "color": "#61db9c", "keypoints": [640, 234, 2], "metadata": {}, "num_keypoints": 1}, {"id": 1165, "image_id": 1342, "category_id": 3, "segmentation": [], "area": 0, "bbox": [0, 0, 0, 0], "iscrowd": false, "isbbox": false, "color": "#3b2ebf", "keypoints": [570, 221, 2], "metadata": {}, "num_keypoints": 1}, {"id": 1166, "image_id": 1342, "category_id": 4, "segmentation": [], "area": 0, "bbox": [0, 0, 0, 0], "iscrowd": false, "isbbox": false, "color": "#49e853", "keypoints": [655, 172, 2], "metadata": {}, "num_keypoints": 1}, {"id": 1167, "image_id": 1342, "category_id": 5, "segmentation": [], "area": 0, "bbox": [0, 0, 0, 0], "iscrowd": false, "isbbox": false, "color": "#a8cf30", "keypoints": [586, 161, 2], "metadata": {}, "num_keypoints": 1}, {"id": 1168, "image_id": 1342, "category_id": 6, "segmentation": [], "area": 0, "bbox": [0, 0, 0, 0], "iscrowd": false, "isbbox": false, "color": "#00d51d", "keypoints": [622, 158, 2], "metadata": {}, "num_keypoints": 1}, {"id": 1169, "image_id": 1342, "category_id": 7, "segmentation": [], "area": 0, "bbox": [0, 0, 0, 0], "iscrowd": false, "isbbox": false, "color": "#37e58b", "keypoints": [607, 213, 2], "metadata": {}, "num_keypoints": 1}, {"id": 1171, "image_id": 1343, "category_id": 2, "segmentation": [], "area": 0, "bbox": [0, 0, 0, 0], "iscrowd": false, "isbbox": false, "color": "#d0223b", "keypoints": [536, 267, 2], "metadata": {}, "num_keypoints": 1}, {"id": 1172, "image_id": 1343, "category_id": 3, "segmentation": [], "area": 0, "bbox": [0, 0, 0, 0], "iscrowd": false, "isbbox": false, "color": "#db6606", "keypoints": [519, 218, 2], "metadata": {}, "num_keypoints": 1}, {"id": 1173, "image_id": 1343, "category_id": 4, "segmentation": [], "area": 0, "bbox": [0, 0, 0, 0], "iscrowd": false, "isbbox": false, "color": "#df1d58", "keypoints": [607, 249, 2], "metadata": {}, "num_keypoints": 1}, {"id": 1174, "image_id": 1343, "category_id": 5, "segmentation": [], "area": 0, "bbox": [0, 0, 0, 0], "iscrowd": false, "isbbox": false, "color": "#7bdf11", "keypoints": [585, 199, 2], "metadata": {}, "num_keypoints": 1}, {"id": 1175, "image_id": 1343, "category_id": 6, "segmentation": [], "area": 0, "bbox": [0, 0, 0, 0], "iscrowd": false, "isbbox": false, "color": "#cef14f", "keypoints": [594, 214, 2], "metadata": {}, "num_keypoints": 1}, {"id": 1176, "image_id": 1343, "category_id": 7, "segmentation": [], "area": 0, "bbox": [0, 0, 0, 0], "iscrowd": false, "isbbox": false, "color": "#2d83ec", "keypoints": [534, 233, 2], "metadata": {}, "num_keypoints": 1}, {"id": 1177, "image_id": 1343, "category_id": 8, "segmentation": [], "area": 0, "bbox": [0, 0, 0, 0], "iscrowd": false, "isbbox": false, "color": "#5dd948", "keypoints": [592, 225, 2], "metadata": {}, "num_keypoints": 1}]}