{
    "info": {
        "description": "This is dataset.",
        "url": "https://superannotate.ai",
        "version": "1.0",
        "year": 2020,
        "contributor": "Superannotate AI",
        "date_created": "25/07/2020"
    },
    "licenses": [
        {
            "url": "https://superannotate.ai",
            "id": 1,
            "name": "Superannotate AI"
        }
    ],
    "images": [
        {
            "id": 1,
            "file_name": "images/Dron12.jpg",
            "height": 540,
            "width": 960,
            "license": 1
        },
        {
            "id": 2,
            "file_name": "images/Dron190.jpg",
            "height": 540,
            "width": 960,
            "license": 1
        },
        {
            "id": 3,
            "file_name": "images/Dron187.jpg",
            "height": 540,
            "width": 960,
            "license": 1
        },
        {
            "id": 4,
            "file_name": "images/Dron145.jpg",
            "height": 540,
            "width": 960,
            "license": 1
        },
        {
            "id": 5,
            "file_name": "images/Dron31.jpg",
            "height": 540,
            "width": 960,
            "license": 1
        }
    ],
    "annotations": [
        {
            "id": 1,
            "image_id": 1,
            "iscrowd": 0,
            "bbox": [
                369,
                146,
                191,
                155
            ],
            "area": 29605,
            "num_keypoints": 6,
            "keypoints": [
                391.42,
                301.8,
                2,
                560.73,
                295.19,
                2,
                557.01,
                146.62,
                2,
                369.53,
                158.82,
                2,
                375.49,
                257.43,
                2,
                536.97,
                241.13,
                2
            ],
            "category_id": 1
        },
        {
            "id": 2,
            "image_id": 2,
            "iscrowd": 0,
            "bbox": [
                419,
                204,
                148,
                64
            ],
            "area": 9472,
            "num_keypoints": 6,
            "keypoints": [
                419.92,
                262.12,
                2,
                567.58,
                268.37,
                2,
                559.74,
                219.56,
                2,
                432.64,
                209.95,
                2,
                430.75,
                204.88,
                2,
                545.53,
                223.54,
                2
            ],
            "category_id": 1
        },
        {
            "id": 3,
            "image_id": 3,
            "iscrowd": 0,
            "bbox": [
                408,
                196,
                132,
                120
            ],
            "area": 15840,
            "num_keypoints": 6,
            "keypoints": [
                515.64,
                196.93,
                2,
                408.53,
                209.36,
                2,
                427.61,
                316.58,
                2,
                540.61,
                300.16,
                2,
                533.72,
                234.03,
                2,
                433.19,
                258.53,
                2
            ],
            "category_id": 1
        },
        {
            "id": 4,
            "image_id": 4,
            "iscrowd": 0,
            "bbox": [
                317,
                223,
                135,
                97
            ],
            "area": 13095,
            "num_keypoints": 6,
            "keypoints": [
                317.04,
                270.69,
                2,
                379.7,
                320.35,
                2,
                452.63,
                267.02,
                2,
                389.26,
                223.27,
                2,
                353.64,
                228.24,
                2,
                407.11,
                276.79,
                2
            ],
            "category_id": 1
        },
        {
            "id": 5,
            "image_id": 5,
            "iscrowd": 0,
            "bbox": [
                539,
                160,
                176,
                89
            ],
            "area": 15664,
            "num_keypoints": 6,
            "keypoints": [
                610.22,
                174.64,
                2,
                539.59,
                216.41,
                2,
                648.72,
                249.21,
                2,
                715.17,
                194.08,
                2,
                661.71,
                160.24,
                2,
                603.18,
                210.6,
                2
            ],
            "category_id": 1
        }
    ],
    "categories": [
        {
            "name": "TC",
            "supercategory": "Drone",
            "skeleton": [
                [
                    1,
                    5
                ],
                [
                    5,
                    4
                ],
                [
                    4,
                    1
                ],
                [
                    1,
                    2
                ],
                [
                    2,
                    6
                ],
                [
                    6,
                    5
                ],
                [
                    6,
                    3
                ],
                [
                    3,
                    4
                ],
                [
                    3,
                    2
                ]
            ],
            "keypoints": [
                1,
                2,
                3,
                4,
                5,
                6
            ],
            "id": 1
        }
    ]
}